url,sku,categoria_raiz,slug
https://www.construrama.com/catalogo/cemento/cemento-big-bag/cemex-cemento-gris-cpc40rs-big-bag-tonelada/p/0101000003,0101000003,cemento,cemex-cemento-gris-cpc40rs-big-bag-tonelada
https://www.construrama.com/catalogo/cemento/cemento-big-bag/cemex-cemento-gris-cpc40-big-bag-tonelada/p/0101000002,0101000002,cemento,cemex-cemento-gris-cpc40-big-bag-tonelada
https://www.construrama.com/catalogo/cemento/cemento-blanco/cemex-cemento-blanco-cpc30rb-25-kg-saco/p/0102000001,0102000001,cemento,cemex-cemento-blanco-cpc30rb-25-kg-saco
https://www.construrama.com/catalogo/cemento/cemento-big-bag/cemex-cemento-blanco-cpc30rb-big-bag-tonelada/p/0101000001,0101000001,cemento,cemex-cemento-blanco-cpc30rb-big-bag-tonelada
https://www.construrama.com/catalogo/cemento/cemento-blanco/cemex-cemento-blanco-cpc30rb-50-kg-saco/p/0102000002,0102000002,cemento,cemex-cemento-blanco-cpc30rb-50-kg-saco
https://www.construrama.com/catalogo/cemento/cemento-extra/tolteca-cemento-gris-cpc30r-extra-25-kg-saco/p/0103000001,0103000001,cemento,tolteca-cemento-gris-cpc30r-extra-25-kg-saco
https://www.construrama.com/catalogo/cemento/cemento-impercem/tolteca-cemento-impercem-cpc30r-50-kg-saco/p/0105000001,0105000001,cemento,tolteca-cemento-impercem-cpc30r-50-kg-saco
https://www.construrama.com/catalogo/cemento/cemento-extra/tolteca-cemento-gris-cpc30r-extra-50-kg-saco/p/0103000002,0103000002,cemento,tolteca-cemento-gris-cpc30r-extra-50-kg-saco
https://www.construrama.com/catalogo/cemento/mortero/tolteca-cemento-mortero-50-kg-saco/p/0106000002,0106000002,cemento,tolteca-cemento-mortero-50-kg-saco
https://www.construrama.com/catalogo/cemento/mortero/tolteca-cemento-mortero-25-kg-saco/p/0106000001,0106000001,cemento,tolteca-cemento-mortero-25-kg-saco
https://www.construrama.com/catalogo/cemento/multiplast/cemex-multiplast-40-kg-saco/p/0107000001,0107000001,cemento,cemex-multiplast-40-kg-saco
https://www.construrama.com/catalogo/aceros/alambre-y-alambron/deacero-alambre-galvanizado-cal-125-kilogramos/p/0201000002,0201000002,aceros,deacero-alambre-galvanizado-cal-125-kilogramos
https://www.construrama.com/catalogo/aceros/alambre-y-alambron/fiero-alambre-galvanizado-calibre-125-kilogramos/p/0201000001,0201000001,aceros,fiero-alambre-galvanizado-calibre-125-kilogramos
https://www.construrama.com/catalogo/aceros/alambre-y-alambron/deacero-alambre-galvanizado-cal-145-kilogramos/p/0201000003,0201000003,aceros,deacero-alambre-galvanizado-cal-145-kilogramos
https://www.construrama.com/catalogo/aceros/alambre-y-alambron/alambre-galvanizado-cal-16-kilogramos/p/0201000006,0201000006,aceros,alambre-galvanizado-cal-16-kilogramos
https://www.construrama.com/catalogo/aceros/alambre-y-alambron/deacero-alambre-galvanizado-cal-16-kilogramos/p/0201000005,0201000005,aceros,deacero-alambre-galvanizado-cal-16-kilogramos
https://www.construrama.com/catalogo/aceros/alambre-y-alambron/fiero-alambre-galvanizado-calibre-18-kilogramos/p/0201000007,0201000007,aceros,fiero-alambre-galvanizado-calibre-18-kilogramos
https://www.construrama.com/catalogo/aceros/alambre-y-alambron/fiero-alambre-galvanizado-cal-16-kilogramos/p/0201000004,0201000004,aceros,fiero-alambre-galvanizado-cal-16-kilogramos
https://www.construrama.com/catalogo/aceros/alambre-y-alambron/deacero-alambre-recocido-calibre-16-kilogramos/p/0201000008,0201000008,aceros,deacero-alambre-recocido-calibre-16-kilogramos
https://www.construrama.com/catalogo/aceros/alambre-y-alambron/alambre-recocido-calibre-16-kilogramos/p/0201000009,0201000009,aceros,alambre-recocido-calibre-16-kilogramos
https://www.construrama.com/catalogo/aceros/alambre-y-alambron/alambre-recocido-cal-16-kilogramos/p/0201000010,0201000010,aceros,alambre-recocido-cal-16-kilogramos
https://www.construrama.com/catalogo/aceros/alambre-y-alambron/deacero-alambron-14-kilogramos/p/0201000011,0201000011,aceros,deacero-alambron-14-kilogramos
https://www.construrama.com/catalogo/aceros/alambre-y-alambron/alambron-14-kilogramos/p/0201000012,0201000012,aceros,alambron-14-kilogramos
https://www.construrama.com/catalogo/aceros/alambre-y-alambron/alambron-14-kilogramos/p/0201000013,0201000013,aceros,alambron-14-kilogramos
https://www.construrama.com/catalogo/aceros/castillos/deacero-armex-castillo-electrosoldado-12x123-pieza/p/0202000001,0202000001,aceros,deacero-armex-castillo-electrosoldado-12x123-pieza
https://www.construrama.com/catalogo/aceros/castillos/armex-castillo-electrosoldado-12x123-pieza/p/0202000003,0202000003,aceros,armex-castillo-electrosoldado-12x123-pieza
https://www.construrama.com/catalogo/aceros/castillos/hylsa-armex-castillo-electrosoldado-12x123-pieza/p/0202000002,0202000002,aceros,hylsa-armex-castillo-electrosoldado-12x123-pieza
https://www.construrama.com/catalogo/aceros/castillos/deacero-armex-castillo-electrosoldado-12x124-pieza/p/0202000005,0202000005,aceros,deacero-armex-castillo-electrosoldado-12x124-pieza
https://www.construrama.com/catalogo/aceros/castillos/armex-castillo-electrosoldado-12x124-pieza/p/0202000004,0202000004,aceros,armex-castillo-electrosoldado-12x124-pieza
https://www.construrama.com/catalogo/aceros/castillos/hylsa-armex-castillo-electrosoldado-12x124-pieza/p/0202000006,0202000006,aceros,hylsa-armex-castillo-electrosoldado-12x124-pieza
https://www.construrama.com/catalogo/aceros/castillos/deacero-armex-castillo-electrosoldado-12x204-pieza/p/0202000008,0202000008,aceros,deacero-armex-castillo-electrosoldado-12x204-pieza
https://www.construrama.com/catalogo/aceros/castillos/castillo-electrosoldado-12x204-pieza/p/0202000007,0202000007,aceros,castillo-electrosoldado-12x204-pieza
https://www.construrama.com/catalogo/aceros/castillos/hylsa-armex-castillo-electrosoldado-12x204-pieza/p/0202000009,0202000009,aceros,hylsa-armex-castillo-electrosoldado-12x204-pieza
https://www.construrama.com/catalogo/aceros/castillos/armex-castillo-electrosoldado-15x153-pieza/p/0202000011,0202000011,aceros,armex-castillo-electrosoldado-15x153-pieza
https://www.construrama.com/catalogo/aceros/castillos/hylsa-armex-castillo-electrosoldado-15x153-pieza/p/0202000010,0202000010,aceros,hylsa-armex-castillo-electrosoldado-15x153-pieza
https://www.construrama.com/catalogo/aceros/castillos/deacero-armex-castillo-electrosoldado-15x154-pieza/p/0202000013,0202000013,aceros,deacero-armex-castillo-electrosoldado-15x154-pieza
https://www.construrama.com/catalogo/aceros/castillos/armex-castillo-electrosoldado-15x154-pieza/p/0202000012,0202000012,aceros,armex-castillo-electrosoldado-15x154-pieza
https://www.construrama.com/catalogo/aceros/castillos/hylsa-armex-castillo-electrosoldado-15x154-pieza/p/0202000014,0202000014,aceros,hylsa-armex-castillo-electrosoldado-15x154-pieza
https://www.construrama.com/catalogo/aceros/castillos/armex-castillo-electrosoldado-15x154-t2-pieza/p/0202000015,0202000015,aceros,armex-castillo-electrosoldado-15x154-t2-pieza
https://www.construrama.com/catalogo/aceros/castillos/deacero-armex-castillo-electrosoldado-15x154-t3-pieza/p/0202000017,0202000017,aceros,deacero-armex-castillo-electrosoldado-15x154-t3-pieza
https://www.construrama.com/catalogo/aceros/castillos/armex-castillo-electrosoldado-15x154-t3-pieza/p/0202000016,0202000016,aceros,armex-castillo-electrosoldado-15x154-t3-pieza
https://www.construrama.com/catalogo/aceros/castillos/deacero-armex-castillo-electrosoldado-15x204-pieza/p/0202000019,0202000019,aceros,deacero-armex-castillo-electrosoldado-15x204-pieza
https://www.construrama.com/catalogo/aceros/castillos/armex-castillo-electrosoldado-15x204-pieza/p/0202000018,0202000018,aceros,armex-castillo-electrosoldado-15x204-pieza
https://www.construrama.com/catalogo/aceros/castillos/hylsa-armex-castillo-electrosoldado-15x204-pieza/p/0202000020,0202000020,aceros,hylsa-armex-castillo-electrosoldado-15x204-pieza
https://www.construrama.com/catalogo/aceros/castillos/deacero-armex-castillo-electrosoldado-15x204-t3-pieza/p/0202000022,0202000022,aceros,deacero-armex-castillo-electrosoldado-15x204-t3-pieza
https://www.construrama.com/catalogo/aceros/castillos/castillo-electrosoldado-15x204-t3-pieza/p/0202000021,0202000021,aceros,castillo-electrosoldado-15x204-t3-pieza
https://www.construrama.com/catalogo/aceros/castillos/escalerilla-122-cal10-3m-pieza/p/0202000023,0202000023,aceros,escalerilla-122-cal10-3m-pieza
https://www.construrama.com/catalogo/aceros/castillos/escalerilla-122-cal10-6m-pieza/p/0202000024,0202000024,aceros,escalerilla-122-cal10-6m-pieza
https://www.construrama.com/catalogo/aceros/malla-electrosoldada/armasel-malla-electrosoldada-661010-250x40m-metro-cuadrado/p/0203000001,0203000001,aceros,armasel-malla-electrosoldada-661010-250x40m-metro-cuadrado
https://www.construrama.com/catalogo/aceros/malla-electrosoldada/deacero-malla-electrosoldada-661010-250-x-40-m-metro-cuadrado/p/0203000002,0203000002,aceros,deacero-malla-electrosoldada-661010-250-x-40-m-metro-cuadrado
https://www.construrama.com/catalogo/aceros/malla-electrosoldada/malla-electrosoldada-661010-250x40m-metro-cuadrado/p/0203000003,0203000003,aceros,malla-electrosoldada-661010-250x40m-metro-cuadrado
https://www.construrama.com/catalogo/aceros/malla-electrosoldada/malla-electrosoldada-661010-250x6m-metro-cuadrado/p/0203000004,0203000004,aceros,malla-electrosoldada-661010-250x6m-metro-cuadrado
https://www.construrama.com/catalogo/aceros/malla-electrosoldada/malla-electrosoldada-6644-250x40m-metro-cuadrado/p/0203000005,0203000005,aceros,malla-electrosoldada-6644-250x40m-metro-cuadrado
https://www.construrama.com/catalogo/aceros/malla-electrosoldada/malla-electrosoldada-6644-250x6m-metro-cuadrado/p/0203000006,0203000006,aceros,malla-electrosoldada-6644-250x6m-metro-cuadrado
https://www.construrama.com/catalogo/aceros/malla-electrosoldada/deacero-malla-electrosoldada-6666-250-x-40-m-metro-cuadrado/p/0203000008,0203000008,aceros,deacero-malla-electrosoldada-6666-250-x-40-m-metro-cuadrado
https://www.construrama.com/catalogo/aceros/malla-electrosoldada/malla-electrosoldada-6666-250x40m-metro-cuadrado/p/0203000007,0203000007,aceros,malla-electrosoldada-6666-250x40m-metro-cuadrado
https://www.construrama.com/catalogo/aceros/malla-electrosoldada/malla-electrosoldada-6666-250x6m-metro-cuadrado/p/0203000009,0203000009,aceros,malla-electrosoldada-6666-250x6m-metro-cuadrado
https://www.construrama.com/catalogo/aceros/malla-electrosoldada/armasel-malla-electrosoldada-6688-250x40m-metro-cuadrado/p/0203000010,0203000010,aceros,armasel-malla-electrosoldada-6688-250x40m-metro-cuadrado
https://www.construrama.com/catalogo/aceros/malla-electrosoldada/malla-electrosoldada-6688-250x40m-metro-cuadrado/p/0203000011,0203000011,aceros,malla-electrosoldada-6688-250x40m-metro-cuadrado
https://www.construrama.com/catalogo/aceros/malla-electrosoldada/malla-electrosoldada-6688-250x6m-metro-cuadrado/p/0203000012,0203000012,aceros,malla-electrosoldada-6688-250x6m-metro-cuadrado
https://www.construrama.com/catalogo/aceros/varilla/deacero-varilla-1-12-12-m-tonelada/p/0204000001,0204000001,aceros,deacero-varilla-1-12-12-m-tonelada
https://www.construrama.com/catalogo/aceros/varilla/deacero-varilla-1-14-12-m-tonelada/p/0204000002,0204000002,aceros,deacero-varilla-1-14-12-m-tonelada
https://www.construrama.com/catalogo/aceros/varilla/tultitlan-varilla-1-14-12-m-tonelada/p/0204000004,0204000004,aceros,tultitlan-varilla-1-14-12-m-tonelada
https://www.construrama.com/catalogo/aceros/varilla/deacero-varilla-1-12-m-tonelada/p/0204000005,0204000005,aceros,deacero-varilla-1-12-m-tonelada
https://www.construrama.com/catalogo/aceros/varilla/varilla-1-14-12-m-tonelada/p/0204000003,0204000003,aceros,varilla-1-14-12-m-tonelada
https://www.construrama.com/catalogo/aceros/varilla/varilla-1-12-m-tonelada/p/0204000006,0204000006,aceros,varilla-1-12-m-tonelada
https://www.construrama.com/catalogo/aceros/varilla/hylsa-varilla-1-12-m-tonelada/p/0204000007,0204000007,aceros,hylsa-varilla-1-12-m-tonelada
https://www.construrama.com/catalogo/aceros/varilla/sicartsa-varilla-1-12-m-tonelada/p/0204000008,0204000008,aceros,sicartsa-varilla-1-12-m-tonelada
https://www.construrama.com/catalogo/aceros/varilla/tultitlan-varilla-1-12-m-tonelada/p/0204000009,0204000009,aceros,tultitlan-varilla-1-12-m-tonelada
https://www.construrama.com/catalogo/aceros/varilla/deacero-varilla-12-12-m-tonelada/p/0204000010,0204000010,aceros,deacero-varilla-12-12-m-tonelada
https://www.construrama.com/catalogo/aceros/varilla/varilla-12-12-m-tonelada/p/0204000011,0204000011,aceros,varilla-12-12-m-tonelada
https://www.construrama.com/catalogo/aceros/varilla/hylsa-varilla-12-12-m-tonelada/p/0204000012,0204000012,aceros,hylsa-varilla-12-12-m-tonelada
https://www.construrama.com/catalogo/aceros/varilla/sicartsa-varilla-12-12-m-tonelada/p/0204000013,0204000013,aceros,sicartsa-varilla-12-12-m-tonelada
https://www.construrama.com/catalogo/aceros/varilla/tultitlan-varilla-12-12-m-tonelada/p/0204000014,0204000014,aceros,tultitlan-varilla-12-12-m-tonelada
https://www.construrama.com/catalogo/aceros/varilla/deacero-varilla-12-12-m-doblada-tonelada/p/0204000015,0204000015,aceros,deacero-varilla-12-12-m-doblada-tonelada
https://www.construrama.com/catalogo/aceros/varilla/tultitlan-varilla-12-12-m-dob-tonelada/p/0204000016,0204000016,aceros,tultitlan-varilla-12-12-m-dob-tonelada
https://www.construrama.com/catalogo/aceros/varilla/deacero-varilla-12-12-m-doblada-tonelada/p/0204000017,0204000017,aceros,deacero-varilla-12-12-m-doblada-tonelada
https://www.construrama.com/catalogo/aceros/varilla/varilla-34-12-m-tonelada/p/0204000018,0204000018,aceros,varilla-34-12-m-tonelada
https://www.construrama.com/catalogo/aceros/varilla/hylsa-varilla-34-12-m-tonelada/p/0204000019,0204000019,aceros,hylsa-varilla-34-12-m-tonelada
https://www.construrama.com/catalogo/aceros/varilla/tultitlan-varilla-34-12-m-tonelada/p/0204000021,0204000021,aceros,tultitlan-varilla-34-12-m-tonelada
https://www.construrama.com/catalogo/aceros/varilla/sicartsa-varilla-34-12-m-tonelada/p/0204000020,0204000020,aceros,sicartsa-varilla-34-12-m-tonelada
https://www.construrama.com/catalogo/aceros/varilla/deacero-varilla-38-12-m-tonelada/p/0204000022,0204000022,aceros,deacero-varilla-38-12-m-tonelada
https://www.construrama.com/catalogo/aceros/varilla/varilla-38-12m-tonelada/p/0204000023,0204000023,aceros,varilla-38-12m-tonelada
https://www.construrama.com/catalogo/aceros/varilla/hylsa-varilla-38-12-m-tonelada/p/0204000024,0204000024,aceros,hylsa-varilla-38-12-m-tonelada
https://www.construrama.com/catalogo/aceros/varilla/sicartsa-varilla-38-12-m-tonelada/p/0204000025,0204000025,aceros,sicartsa-varilla-38-12-m-tonelada
https://www.construrama.com/catalogo/aceros/varilla/tultitlan-varilla-38-12-m-tonelada/p/0204000026,0204000026,aceros,tultitlan-varilla-38-12-m-tonelada
https://www.construrama.com/catalogo/aceros/varilla/deacero-varilla-38-12-m-doblada-tonelada/p/0204000027,0204000027,aceros,deacero-varilla-38-12-m-doblada-tonelada
https://www.construrama.com/catalogo/aceros/varilla/hylsa-varilla-38-12-m-doblada-tonelada/p/0204000028,0204000028,aceros,hylsa-varilla-38-12-m-doblada-tonelada
https://www.construrama.com/catalogo/aceros/varilla/tultitlan-varilla-38-12-m-doblada-tonelada/p/0204000030,0204000030,aceros,tultitlan-varilla-38-12-m-doblada-tonelada
https://www.construrama.com/catalogo/aceros/varilla/deacero-varilla-58-12-m-tonelada/p/0204000029,0204000029,aceros,deacero-varilla-58-12-m-tonelada
https://www.construrama.com/catalogo/aceros/varilla/hylsa-varilla-58-12-m-tonelada/p/0204000031,0204000031,aceros,hylsa-varilla-58-12-m-tonelada
https://www.construrama.com/catalogo/aceros/varilla/sicartsa-varilla-58-12-m-tonelada/p/0204000032,0204000032,aceros,sicartsa-varilla-58-12-m-tonelada
https://www.construrama.com/catalogo/aceros/varilla/tultitlan-varilla-58-12-m-tonelada/p/0204000033,0204000033,aceros,tultitlan-varilla-58-12-m-tonelada
https://www.construrama.com/catalogo/aceros/varilla/armasel-varilla-tec-60-14-6-m-tonelada/p/0204000034,0204000034,aceros,armasel-varilla-tec-60-14-6-m-tonelada
https://www.construrama.com/catalogo/aceros/varilla/deacero-varilla-tec-60-14-6-m-tonelada/p/0204000035,0204000035,aceros,deacero-varilla-tec-60-14-6-m-tonelada
https://www.construrama.com/catalogo/aceros/varilla/varilla-tec-60-14-6-m-tonelada/p/0204000036,0204000036,aceros,varilla-tec-60-14-6-m-tonelada
https://www.construrama.com/catalogo/aceros/varilla/varilla-tec-60-316-6-m-tonelada/p/0204000037,0204000037,aceros,varilla-tec-60-316-6-m-tonelada
https://www.construrama.com/catalogo/aceros/varilla/varilla-tec-60-516-12-m-tonelada/p/0204000038,0204000038,aceros,varilla-tec-60-516-12-m-tonelada
https://www.construrama.com/catalogo/aceros/varilla/hylsa-varilla-tec-60-516-12-m-tonelada/p/0204000039,0204000039,aceros,hylsa-varilla-tec-60-516-12-m-tonelada
https://www.construrama.com/catalogo/aceros/varilla/armasel-varilla-tec-60-516-6-m-tonelada/p/0204000040,0204000040,aceros,armasel-varilla-tec-60-516-6-m-tonelada
https://www.construrama.com/catalogo/otros-materiales/basicos-de-construccion/aditivos-y-adhesivos-para-concreto/bexel-aditivo-acrilico-1-l-cubeta/p/0301010001,0301010001,otros-materiales,bexel-aditivo-acrilico-1-l-cubeta
https://www.construrama.com/catalogo/otros-materiales/basicos-de-construccion/aditivos-y-adhesivos-para-concreto/bexel-aditivo-acrilico-4-l-cubeta/p/0301010002,0301010002,otros-materiales,bexel-aditivo-acrilico-4-l-cubeta
https://www.construrama.com/catalogo/otros-materiales/basicos-de-construccion/aditivos-y-adhesivos-para-concreto/fester-curafest-blanco-emulsionado-19-l-cubeta/p/0301010005,0301010005,otros-materiales,fester-curafest-blanco-emulsionado-19-l-cubeta
https://www.construrama.com/catalogo/otros-materiales/basicos-de-construccion/aditivos-y-adhesivos-para-concreto/bexel-bond-4-l-cubeta/p/0301010004,0301010004,otros-materiales,bexel-bond-4-l-cubeta
https://www.construrama.com/catalogo/otros-materiales/basicos-de-construccion/aditivos-y-adhesivos-para-concreto/bexel-bond-1-l-cubeta/p/0301010003,0301010003,otros-materiales,bexel-bond-1-l-cubeta
https://www.construrama.com/catalogo/otros-materiales/basicos-de-construccion/aditivos-y-adhesivos-para-concreto/perdura-duracril-1-l-cubeta/p/0301010006,0301010006,otros-materiales,perdura-duracril-1-l-cubeta
https://www.construrama.com/catalogo/otros-materiales/basicos-de-construccion/aditivos-y-adhesivos-para-concreto/perudra-duracril-20-lt-cubeta/p/0301010007,0301010007,otros-materiales,perudra-duracril-20-lt-cubeta
https://www.construrama.com/catalogo/otros-materiales/basicos-de-construccion/aditivos-y-adhesivos-para-concreto/perdura-duracril-4-l-cubeta/p/0301010008,0301010008,otros-materiales,perdura-duracril-4-l-cubeta
https://www.construrama.com/catalogo/otros-materiales/basicos-de-construccion/aditivos-y-adhesivos-para-concreto/fester-festerbond-1-l-cubeta/p/0301010009,0301010009,otros-materiales,fester-festerbond-1-l-cubeta
https://www.construrama.com/catalogo/otros-materiales/basicos-de-construccion/aditivos-y-adhesivos-para-concreto/fester-festerbond-19-l-cubeta/p/0301010010,0301010010,otros-materiales,fester-festerbond-19-l-cubeta
https://www.construrama.com/catalogo/otros-materiales/basicos-de-construccion/aditivos-y-adhesivos-para-concreto/fester-festerbond-4-l-galon/p/0301010011,0301010011,otros-materiales,fester-festerbond-4-l-galon
https://www.construrama.com/catalogo/otros-materiales/basicos-de-construccion/aditivos-y-adhesivos-para-concreto/fester-festergral-2-kg-saco/p/0301010012,0301010012,otros-materiales,fester-festergral-2-kg-saco
https://www.construrama.com/catalogo/otros-materiales/basicos-de-construccion/aditivos-y-adhesivos-para-concreto/fester-festegral-20-kg-saco/p/0301010013,0301010013,otros-materiales,fester-festegral-20-kg-saco
https://www.construrama.com/catalogo/otros-materiales/basicos-de-construccion/aditivos-y-adhesivos-para-concreto/fester-festegral-5-kg-saco/p/0301010014,0301010014,otros-materiales,fester-festegral-5-kg-saco
https://www.construrama.com/catalogo/otros-materiales/basicos-de-construccion/aditivos-y-adhesivos-para-concreto/fester-festergrout-nm-800-30-kg-saco/p/0301010015,0301010015,otros-materiales,fester-festergrout-nm-800-30-kg-saco
https://www.construrama.com/catalogo/otros-materiales/basicos-de-construccion/aditivos-y-adhesivos-para-concreto/fester-festermix-4-l-galon/p/0301010016,0301010016,otros-materiales,fester-festermix-4-l-galon
https://www.construrama.com/catalogo/otros-materiales/basicos-de-construccion/aditivos-y-adhesivos-para-concreto/fibra-de-polipropileno-metro-cubico/p/0301010017,0301010017,otros-materiales,fibra-de-polipropileno-metro-cubico
https://www.construrama.com/catalogo/otros-materiales/basicos-de-construccion/aditivos-y-adhesivos-para-concreto/niasa-niasabond-1-l-pieza/p/0301010019,0301010019,otros-materiales,niasa-niasabond-1-l-pieza
https://www.construrama.com/catalogo/otros-materiales/basicos-de-construccion/aditivos-y-adhesivos-para-concreto/fester-fibrafest-600-gr-saco/p/0301010018,0301010018,otros-materiales,fester-fibrafest-600-gr-saco
https://www.construrama.com/catalogo/otros-materiales/basicos-de-construccion/aditivos-y-adhesivos-para-concreto/niasa-niasabond-4-l-galon/p/0301010020,0301010020,otros-materiales,niasa-niasabond-4-l-galon
https://www.construrama.com/catalogo/otros-materiales/basicos-de-construccion/aditivos-y-adhesivos-para-concreto/niasa-niasagral-10-kg-saco/p/0301010021,0301010021,otros-materiales,niasa-niasagral-10-kg-saco
https://www.construrama.com/catalogo/otros-materiales/basicos-de-construccion/aditivos-y-adhesivos-para-concreto/sika-anchorfix-1-cartucho-300-ml-pieza/p/0301010022,0301010022,otros-materiales,sika-anchorfix-1-cartucho-300-ml-pieza
https://www.construrama.com/catalogo/otros-materiales/basicos-de-construccion/aditivos-y-adhesivos-para-concreto/sika-anchorfix-2-cartucho-300-ml-pieza/p/0301010023,0301010023,otros-materiales,sika-anchorfix-2-cartucho-300-ml-pieza
https://www.construrama.com/catalogo/otros-materiales/basicos-de-construccion/aditivos-y-adhesivos-para-concreto/sika-curador-e-19-lt-cubeta/p/0301010024,0301010024,otros-materiales,sika-curador-e-19-lt-cubeta
https://www.construrama.com/catalogo/otros-materiales/basicos-de-construccion/aditivos-y-adhesivos-para-concreto/sika-sikagrout-30-kg-saco/p/0301010025,0301010025,otros-materiales,sika-sikagrout-30-kg-saco
https://www.construrama.com/catalogo/otros-materiales/basicos-de-construccion/aditivos-y-adhesivos-para-concreto/sika-sikalatex-n-1957-kg-cubeta/p/0301010026,0301010026,otros-materiales,sika-sikalatex-n-1957-kg-cubeta
https://www.construrama.com/catalogo/otros-materiales/basicos-de-construccion/aditivos-y-adhesivos-para-concreto/sika-sikalatex-n-doypack-124-kg-saco/p/0301010027,0301010027,otros-materiales,sika-sikalatex-n-doypack-124-kg-saco
https://www.construrama.com/catalogo/otros-materiales/basicos-de-construccion/aditivos-y-adhesivos-para-concreto/sika-sikalite-25-kg-saco/p/0301010028,0301010028,otros-materiales,sika-sikalite-25-kg-saco
https://www.construrama.com/catalogo/otros-materiales/basicos-de-construccion/aditivos-y-adhesivos-para-concreto/sika-sikament-100-tambo-216-kg-tambo/p/0301010029,0301010029,otros-materiales,sika-sikament-100-tambo-216-kg-tambo
https://www.construrama.com/catalogo/otros-materiales/basicos-de-construccion/block/estrublock-block-hueco-de-concreto-10x20x40-cm-pieza/p/0301020001,0301020001,otros-materiales,estrublock-block-hueco-de-concreto-10x20x40-cm-pieza
https://www.construrama.com/catalogo/otros-materiales/basicos-de-construccion/block/estrublock-block-hueco-de-concreto-15x20x40-cm-pieza/p/0301020002,0301020002,otros-materiales,estrublock-block-hueco-de-concreto-15x20x40-cm-pieza
https://www.construrama.com/catalogo/otros-materiales/basicos-de-construccion/block/estrublock-block-hueco-de-concreto-20x20x40-cm-pieza/p/0301020003,0301020003,otros-materiales,estrublock-block-hueco-de-concreto-20x20x40-cm-pieza
https://www.construrama.com/catalogo/otros-materiales/basicos-de-construccion/block/block-hueco-de-concreto-20x20x40-cm-pieza/p/0301020004,0301020004,otros-materiales,block-hueco-de-concreto-20x20x40-cm-pieza
https://www.construrama.com/catalogo/otros-materiales/basicos-de-construccion/block/block-hueco-de-concreto-20x20x40-cm-pieza/p/0301020005,0301020005,otros-materiales,block-hueco-de-concreto-20x20x40-cm-pieza
https://www.construrama.com/catalogo/otros-materiales/basicos-de-construccion/block/block-hueco-de-concreto-para-losa-15x20x40-cm-pieza/p/0301020006,0301020006,otros-materiales,block-hueco-de-concreto-para-losa-15x20x40-cm-pieza
https://www.construrama.com/catalogo/otros-materiales/basicos-de-construccion/block/estrublock-block-hueco-split-cara-de-piedra-cafe-15x20x40-cm-pieza/p/0301020007,0301020007,otros-materiales,estrublock-block-hueco-split-cara-de-piedra-cafe-15x20x40-cm-pieza
https://www.construrama.com/catalogo/otros-materiales/basicos-de-construccion/block/block-hueco-split-cara-de-piedra-cafe-20x20x40-cm-pieza/p/0301020008,0301020008,otros-materiales,block-hueco-split-cara-de-piedra-cafe-20x20x40-cm-pieza
https://www.construrama.com/catalogo/otros-materiales/basicos-de-construccion/block/estrublock-block-solido-de-concreto-11x14x28-cm-pieza/p/0301020009,0301020009,otros-materiales,estrublock-block-solido-de-concreto-11x14x28-cm-pieza
https://www.construrama.com/catalogo/otros-materiales/basicos-de-construccion/block/block-solido-de-concreto-11x14x28-cm-pieza/p/0301020010,0301020010,otros-materiales,block-solido-de-concreto-11x14x28-cm-pieza
https://www.construrama.com/catalogo/otros-materiales/basicos-de-construccion/block/block-solido-de-concreto-11x14x28-cm-pieza/p/0301020011,0301020011,otros-materiales,block-solido-de-concreto-11x14x28-cm-pieza
https://www.construrama.com/catalogo/otros-materiales/basicos-de-construccion/cal/construcal-cal-hidratada-25-kg-saco/p/0301030001,0301030001,otros-materiales,construcal-cal-hidratada-25-kg-saco
https://www.construrama.com/catalogo/otros-materiales/basicos-de-construccion/cal/huescalapa-cal-hidratada-25-kg-saco/p/0301030002,0301030002,otros-materiales,huescalapa-cal-hidratada-25-kg-saco
https://www.construrama.com/catalogo/otros-materiales/basicos-de-construccion/cal/pena-cal-25-kg-saco/p/0301030004,0301030004,otros-materiales,pena-cal-25-kg-saco
https://www.construrama.com/catalogo/otros-materiales/basicos-de-construccion/cal/incalpa-cal-25-kg-saco/p/0301030003,0301030003,otros-materiales,incalpa-cal-25-kg-saco
https://www.construrama.com/catalogo/otros-materiales/basicos-de-construccion/ladrillos-y-productos-de-barro/ladrillo-adobon-6-x-12-x-25-cm-pieza/p/0301040001,0301040001,otros-materiales,ladrillo-adobon-6-x-12-x-25-cm-pieza
https://www.construrama.com/catalogo/otros-materiales/basicos-de-construccion/ladrillos-y-productos-de-barro/ladrillo-adobon-6-x-14-x-28-cm-pieza/p/0301040002,0301040002,otros-materiales,ladrillo-adobon-6-x-14-x-28-cm-pieza
https://www.construrama.com/catalogo/otros-materiales/basicos-de-construccion/ladrillos-y-productos-de-barro/ladrillo-cuna-para-boveda-5-x-10-x-20-cm-pieza/p/0301040003,0301040003,otros-materiales,ladrillo-cuna-para-boveda-5-x-10-x-20-cm-pieza
https://www.construrama.com/catalogo/otros-materiales/basicos-de-construccion/laminas/lamina-de-carton-050x120m-pieza/p/0301050001,0301050001,otros-materiales,lamina-de-carton-050x120m-pieza
https://www.construrama.com/catalogo/otros-materiales/basicos-de-construccion/ladrillos-y-productos-de-barro/ladrillo-lama-para-boveda-5-x-10-x-20-cm-pieza/p/0301040004,0301040004,otros-materiales,ladrillo-lama-para-boveda-5-x-10-x-20-cm-pieza
https://www.construrama.com/catalogo/otros-materiales/basicos-de-construccion/laminas/lamina-de-carton-060x125m-pieza/p/0301050002,0301050002,otros-materiales,lamina-de-carton-060x125m-pieza
https://www.construrama.com/catalogo/otros-materiales/basicos-de-construccion/laminas/lamina-de-fibrocemento-p7-ac-rojo-5mm-315m-pieza/p/0301050003,0301050003,otros-materiales,lamina-de-fibrocemento-p7-ac-rojo-5mm-315m-pieza
https://www.construrama.com/catalogo/otros-materiales/basicos-de-construccion/laminas/lamina-de-fibrocemento-p7-ac-rojo-65mm-366m-pieza/p/0301050004,0301050004,otros-materiales,lamina-de-fibrocemento-p7-ac-rojo-65mm-366m-pieza
https://www.construrama.com/catalogo/otros-materiales/basicos-de-construccion/laminas/lamina-galvanizada-lisa-c24-4x10-pieza/p/0301050005,0301050005,otros-materiales,lamina-galvanizada-lisa-c24-4x10-pieza
https://www.construrama.com/catalogo/otros-materiales/basicos-de-construccion/laminas/hylsa-lamina-galvanizada-r101-c26-305-m-pieza/p/0301050006,0301050006,otros-materiales,hylsa-lamina-galvanizada-r101-c26-305-m-pieza
https://www.construrama.com/catalogo/otros-materiales/basicos-de-construccion/laminas/hylsa-lamina-galvanizada-r101-c26-610-m-pieza/p/0301050007,0301050007,otros-materiales,hylsa-lamina-galvanizada-r101-c26-610-m-pieza
https://www.construrama.com/catalogo/otros-materiales/basicos-de-construccion/laminas/hylsa-lamina-galvanizada-r72-c32-244-m-pieza/p/0301050008,0301050008,otros-materiales,hylsa-lamina-galvanizada-r72-c32-244-m-pieza
https://www.construrama.com/catalogo/otros-materiales/basicos-de-construccion/laminas/hylsa-lamina-galvanizada-r72-c32-305-m-pieza/p/0301050009,0301050009,otros-materiales,hylsa-lamina-galvanizada-r72-c32-305-m-pieza
https://www.construrama.com/catalogo/otros-materiales/basicos-de-construccion/laminas/hylsa-lamina-galvanizada-r72-c32-366-m-pieza/p/0301050010,0301050010,otros-materiales,hylsa-lamina-galvanizada-r72-c32-366-m-pieza
https://www.construrama.com/catalogo/otros-materiales/basicos-de-construccion/laminas/hylsa-lamina-galvanizada-r72-c32-427-m-pieza/p/0301050011,0301050011,otros-materiales,hylsa-lamina-galvanizada-r72-c32-427-m-pieza
https://www.construrama.com/catalogo/otros-materiales/basicos-de-construccion/laminas/hylsa-lamina-galvanizada-r72-c32-488-m-pieza/p/0301050012,0301050012,otros-materiales,hylsa-lamina-galvanizada-r72-c32-488-m-pieza
https://www.construrama.com/catalogo/otros-materiales/basicos-de-construccion/laminas/hylsa-lamina-galvanizada-r72-c32-610-m-pieza/p/0301050013,0301050013,otros-materiales,hylsa-lamina-galvanizada-r72-c32-610-m-pieza
https://www.construrama.com/catalogo/otros-materiales/basicos-de-construccion/laminas/lamina-negra-lisa-c14-3x10-pieza/p/0301050014,0301050014,otros-materiales,lamina-negra-lisa-c14-3x10-pieza
https://www.construrama.com/catalogo/otros-materiales/basicos-de-construccion/laminas/lamina-negra-lisa-c14-4x10-pieza/p/0301050015,0301050015,otros-materiales,lamina-negra-lisa-c14-4x10-pieza
https://www.construrama.com/catalogo/otros-materiales/basicos-de-construccion/laminas/lamina-negra-lisa-c18-3x10-pieza/p/0301050016,0301050016,otros-materiales,lamina-negra-lisa-c18-3x10-pieza
https://www.construrama.com/catalogo/otros-materiales/basicos-de-construccion/laminas/lamina-negra-lisa-c18-4x10-pieza/p/0301050017,0301050017,otros-materiales,lamina-negra-lisa-c18-4x10-pieza
https://www.construrama.com/catalogo/otros-materiales/basicos-de-construccion/laminas/mexalit-lamina-tipo-teja-san-miguel-terracota-097x126-m-pieza/p/0301050018,0301050018,otros-materiales,mexalit-lamina-tipo-teja-san-miguel-terracota-097x126-m-pieza
https://www.construrama.com/catalogo/otros-materiales/basicos-de-construccion/mortero/bexel-mezcla-seca-gris-40-kg-saco/p/0301060001,0301060001,otros-materiales,bexel-mezcla-seca-gris-40-kg-saco
https://www.construrama.com/catalogo/otros-materiales/basicos-de-construccion/mortero/bexel-mortero-para-reparaciones-gris-2-kg-saco/p/0301060002,0301060002,otros-materiales,bexel-mortero-para-reparaciones-gris-2-kg-saco
https://www.construrama.com/catalogo/otros-materiales/basicos-de-construccion/triturados/arena-amarilla-metro-cubico/p/0301070001,0301070001,otros-materiales,arena-amarilla-metro-cubico
https://www.construrama.com/catalogo/otros-materiales/basicos-de-construccion/triturados/arena-amarilla-cernida-metro-cubico/p/0301070003,0301070003,otros-materiales,arena-amarilla-cernida-metro-cubico
https://www.construrama.com/catalogo/otros-materiales/basicos-de-construccion/triturados/arena-amarilla-cernida-saco/p/0301070002,0301070002,otros-materiales,arena-amarilla-cernida-saco
https://www.construrama.com/catalogo/otros-materiales/basicos-de-construccion/triturados/arena-amarilla-sin-cernir-saco/p/0301070004,0301070004,otros-materiales,arena-amarilla-sin-cernir-saco
https://www.construrama.com/catalogo/otros-materiales/basicos-de-construccion/triturados/arena-de-rio-metro-cubico/p/0301070006,0301070006,otros-materiales,arena-de-rio-metro-cubico
https://www.construrama.com/catalogo/otros-materiales/basicos-de-construccion/triturados/arena-de-rio-saco/p/0301070005,0301070005,otros-materiales,arena-de-rio-saco
https://www.construrama.com/catalogo/otros-materiales/basicos-de-construccion/triturados/arena-de-rio-metro-cubico/p/0301070007,0301070007,otros-materiales,arena-de-rio-metro-cubico
https://www.construrama.com/catalogo/otros-materiales/basicos-de-construccion/triturados/arena-de-rio-cernida-metro-cubico/p/0301070008,0301070008,otros-materiales,arena-de-rio-cernida-metro-cubico
https://www.construrama.com/catalogo/otros-materiales/basicos-de-construccion/triturados/saco-de-arena-de-rio-cernida-saco/p/0301070009,0301070009,otros-materiales,saco-de-arena-de-rio-cernida-saco
https://www.construrama.com/catalogo/otros-materiales/basicos-de-construccion/triturados/saco-de-arena-de-rio-sin-cernir-saco/p/0301070010,0301070010,otros-materiales,saco-de-arena-de-rio-sin-cernir-saco
https://www.construrama.com/catalogo/otros-materiales/basicos-de-construccion/triturados/grava-metro-cubico/p/0301070012,0301070012,otros-materiales,grava-metro-cubico
https://www.construrama.com/catalogo/otros-materiales/basicos-de-construccion/triturados/jal-metro-cubico/p/0301070014,0301070014,otros-materiales,jal-metro-cubico
https://www.construrama.com/catalogo/otros-materiales/basicos-de-construccion/triturados/saco-de-grava-saco/p/0301070011,0301070011,otros-materiales,saco-de-grava-saco
https://www.construrama.com/catalogo/otros-materiales/basicos-de-construccion/triturados/saco-de-jal-saco/p/0301070013,0301070013,otros-materiales,saco-de-jal-saco
https://www.construrama.com/catalogo/otros-materiales/basicos-de-construccion/triturados/piedra-bola-no2-metro-cubico/p/0301070015,0301070015,otros-materiales,piedra-bola-no2-metro-cubico
https://www.construrama.com/catalogo/otros-materiales/basicos-de-construccion/triturados/piedra-bola-no3-metro-cubico/p/0301070016,0301070016,otros-materiales,piedra-bola-no3-metro-cubico
https://www.construrama.com/catalogo/otros-materiales/basicos-de-construccion/triturados/piedra-bola-no4-metro-cubico/p/0301070017,0301070017,otros-materiales,piedra-bola-no4-metro-cubico
https://www.construrama.com/catalogo/otros-materiales/basicos-de-construccion/triturados/tepetate-metro-cubico/p/0301070018,0301070018,otros-materiales,tepetate-metro-cubico
https://www.construrama.com/catalogo/otros-materiales/basicos-de-construccion/triturados/tezontle-metro-cubico/p/0301070019,0301070019,otros-materiales,tezontle-metro-cubico
https://www.construrama.com/catalogo/otros-materiales/basicos-de-construccion/vigueta-y-bovedilla/bovedilla-de-concreto-solido-10x20x100m-pieza/p/0301080001,0301080001,otros-materiales,bovedilla-de-concreto-solido-10x20x100m-pieza
https://www.construrama.com/catalogo/otros-materiales/impermeabilizantes-y-accesorios/accesorios-para-impermeabilizacion/fester-fester-plastic-cement-19-lt-cubeta/p/0302010001,0302010001,otros-materiales,fester-fester-plastic-cement-19-lt-cubeta
https://www.construrama.com/catalogo/otros-materiales/impermeabilizantes-y-accesorios/accesorios-para-impermeabilizacion/fester-fester-plastic-cement-4-lt-galon/p/0302010002,0302010002,otros-materiales,fester-fester-plastic-cement-4-lt-galon
https://www.construrama.com/catalogo/otros-materiales/impermeabilizantes-y-accesorios/accesorios-para-impermeabilizacion/fester-festerflex-membrana-blanco-110m-x-10m-rollo/p/0302010003,0302010003,otros-materiales,fester-festerflex-membrana-blanco-110m-x-10m-rollo
https://www.construrama.com/catalogo/otros-materiales/impermeabilizantes-y-accesorios/accesorios-para-impermeabilizacion/fester-festerflex-membrana-blanco-110m-x-100m-rollo/p/0302010004,0302010004,otros-materiales,fester-festerflex-membrana-blanco-110m-x-100m-rollo
https://www.construrama.com/catalogo/otros-materiales/impermeabilizantes-y-accesorios/accesorios-para-impermeabilizacion/berel-kover-resanador-de-grietas-1-lt-cubeta/p/0302010005,0302010005,otros-materiales,berel-kover-resanador-de-grietas-1-lt-cubeta
https://www.construrama.com/catalogo/otros-materiales/impermeabilizantes-y-accesorios/accesorios-para-impermeabilizacion/berel-kover-resanador-de-grietas-4-lt-cubeta/p/0302010006,0302010006,otros-materiales,berel-kover-resanador-de-grietas-4-lt-cubeta
https://www.construrama.com/catalogo/otros-materiales/impermeabilizantes-y-accesorios/accesorios-para-impermeabilizacion/sika-tela-membrana-de-refuerzo-para-impermeabilizar-110m-x-100m-rollo/p/0302010007,0302010007,otros-materiales,sika-tela-membrana-de-refuerzo-para-impermeabilizar-110m-x-100m-rollo
https://www.construrama.com/catalogo/otros-materiales/impermeabilizantes-y-accesorios/impermeabilizantes-acrilicos/imper-acril-terracota-3-anos-19-lt-cubeta/p/0302020001,0302020001,otros-materiales,imper-acril-terracota-3-anos-19-lt-cubeta
https://www.construrama.com/catalogo/otros-materiales/impermeabilizantes-y-accesorios/impermeabilizantes-acrilicos/perdura-imperdura-impermeabilizante-terracota-3-anos-19-lt-cubeta/p/0302020002,0302020002,otros-materiales,perdura-imperdura-impermeabilizante-terracota-3-anos-19-lt-cubeta
https://www.construrama.com/catalogo/otros-materiales/impermeabilizantes-y-accesorios/impermeabilizantes-acrilicos/perdura-imperdura-impermeabilizante-terracota-5-anos-19-lt-cubeta/p/0302020003,0302020003,otros-materiales,perdura-imperdura-impermeabilizante-terracota-5-anos-19-lt-cubeta
https://www.construrama.com/catalogo/otros-materiales/impermeabilizantes-y-accesorios/impermeabilizantes-acrilicos/fester-impermeabilizante-a-3-anos-blanco-19-lt-cubeta/p/0302020004,0302020004,otros-materiales,fester-impermeabilizante-a-3-anos-blanco-19-lt-cubeta
https://www.construrama.com/catalogo/otros-materiales/impermeabilizantes-y-accesorios/impermeabilizantes-acrilicos/fester-impermeabilizante-a-5-anos-blanco-19-lt-cubeta/p/0302020005,0302020005,otros-materiales,fester-impermeabilizante-a-5-anos-blanco-19-lt-cubeta
https://www.construrama.com/catalogo/otros-materiales/impermeabilizantes-y-accesorios/impermeabilizantes-acrilicos/fester-impermeabilizante-a-12-anos-rojo-19-lt-cubeta/p/0302020006,0302020006,otros-materiales,fester-impermeabilizante-a-12-anos-rojo-19-lt-cubeta
https://www.construrama.com/catalogo/otros-materiales/impermeabilizantes-y-accesorios/impermeabilizantes-acrilicos/fester-impermeabilizante-a-3-anos-rojo-19-lt-cubeta/p/0302020007,0302020007,otros-materiales,fester-impermeabilizante-a-3-anos-rojo-19-lt-cubeta
https://www.construrama.com/catalogo/otros-materiales/impermeabilizantes-y-accesorios/impermeabilizantes-acrilicos/fester-impermeabilizante-a-4-anos-rojo-19-lt-cubeta/p/0302020008,0302020008,otros-materiales,fester-impermeabilizante-a-4-anos-rojo-19-lt-cubeta
https://www.construrama.com/catalogo/otros-materiales/impermeabilizantes-y-accesorios/impermeabilizantes-acrilicos/berel-impermeabilizante-kover-cryl-blanco-5-anos-19-lt-cubeta/p/0302020010,0302020010,otros-materiales,berel-impermeabilizante-kover-cryl-blanco-5-anos-19-lt-cubeta
https://www.construrama.com/catalogo/otros-materiales/impermeabilizantes-y-accesorios/impermeabilizantes-acrilicos/fester-impermeabilizante-a-5-anos-rojo-19-lt-cubeta/p/0302020009,0302020009,otros-materiales,fester-impermeabilizante-a-5-anos-rojo-19-lt-cubeta
https://www.construrama.com/catalogo/otros-materiales/impermeabilizantes-y-accesorios/impermeabilizantes-acrilicos/berel-impermeabilizante-kover-cryl-rojo-5-anos-19-lt-cubeta/p/0302020011,0302020011,otros-materiales,berel-impermeabilizante-kover-cryl-rojo-5-anos-19-lt-cubeta
https://www.construrama.com/catalogo/otros-materiales/impermeabilizantes-y-accesorios/impermeabilizantes-acrilicos/berel-impermeabilizante-kover-pro-blanco-3-anos-19-lt-cubeta/p/0302020012,0302020012,otros-materiales,berel-impermeabilizante-kover-pro-blanco-3-anos-19-lt-cubeta
https://www.construrama.com/catalogo/otros-materiales/impermeabilizantes-y-accesorios/impermeabilizantes-acrilicos/berel-impermeabilizante-kover-pro-rojo-3-anos-19-lt-cubeta/p/0302020013,0302020013,otros-materiales,berel-impermeabilizante-kover-pro-rojo-3-anos-19-lt-cubeta
https://www.construrama.com/catalogo/otros-materiales/impermeabilizantes-y-accesorios/impermeabilizantes-acrilicos/weno-impermeabilizante-5-anos-fibratado-blanco-19-lt-cubeta/p/0302020014,0302020014,otros-materiales,weno-impermeabilizante-5-anos-fibratado-blanco-19-lt-cubeta
https://www.construrama.com/catalogo/otros-materiales/impermeabilizantes-y-accesorios/impermeabilizantes-acrilicos/weno-impermeabilizante-5-anos-fibratado-blanco-228-lt-cubeta/p/0302020015,0302020015,otros-materiales,weno-impermeabilizante-5-anos-fibratado-blanco-228-lt-cubeta
https://www.construrama.com/catalogo/otros-materiales/impermeabilizantes-y-accesorios/impermeabilizantes-acrilicos/weno-impermeabilizante-5-anos-fibratado-rojo-19-lt-cubeta/p/0302020016,0302020016,otros-materiales,weno-impermeabilizante-5-anos-fibratado-rojo-19-lt-cubeta
https://www.construrama.com/catalogo/otros-materiales/impermeabilizantes-y-accesorios/impermeabilizantes-acrilicos/weno-impermeabilizante-5-anos-fibratado-rojo-228-lt-cubeta/p/0302020017,0302020017,otros-materiales,weno-impermeabilizante-5-anos-fibratado-rojo-228-lt-cubeta
https://www.construrama.com/catalogo/otros-materiales/impermeabilizantes-y-accesorios/impermeabilizantes-acrilicos/sika-impersika-blanco-2261-lt-cubeta/p/0302020018,0302020018,otros-materiales,sika-impersika-blanco-2261-lt-cubeta
https://www.construrama.com/catalogo/otros-materiales/impermeabilizantes-y-accesorios/impermeabilizantes-acrilicos/sika-impersika-blanco-4-lt-cubeta/p/0302020019,0302020019,otros-materiales,sika-impersika-blanco-4-lt-cubeta
https://www.construrama.com/catalogo/otros-materiales/impermeabilizantes-y-accesorios/impermeabilizantes-acrilicos/sika-impersika-plus-blanco-18-lt-cubeta/p/0302020020,0302020020,otros-materiales,sika-impersika-plus-blanco-18-lt-cubeta
https://www.construrama.com/catalogo/otros-materiales/impermeabilizantes-y-accesorios/impermeabilizantes-acrilicos/sika-impersika-plus-rojo-18-lt-cubeta/p/0302020021,0302020021,otros-materiales,sika-impersika-plus-rojo-18-lt-cubeta
https://www.construrama.com/catalogo/otros-materiales/impermeabilizantes-y-accesorios/impermeabilizantes-acrilicos/sika-impersika-rojo-2261-lt-cubeta/p/0302020022,0302020022,otros-materiales,sika-impersika-rojo-2261-lt-cubeta
https://www.construrama.com/catalogo/otros-materiales/impermeabilizantes-y-accesorios/impermeabilizantes-acrilicos/sika-impersika-rojo-4-lt-cubeta/p/0302020023,0302020023,otros-materiales,sika-impersika-rojo-4-lt-cubeta
https://www.construrama.com/catalogo/otros-materiales/impermeabilizantes-y-accesorios/impermeabilizantes-acrilicos/sika-sika-acril-techo-power-4-anos-blanco-19-lt-cubeta/p/0302020024,0302020024,otros-materiales,sika-sika-acril-techo-power-4-anos-blanco-19-lt-cubeta
https://www.construrama.com/catalogo/otros-materiales/impermeabilizantes-y-accesorios/impermeabilizantes-acrilicos/sika-sika-acril-techo-power-4-anos-rojo-19-lt-cubeta/p/0302020025,0302020025,otros-materiales,sika-sika-acril-techo-power-4-anos-rojo-19-lt-cubeta
https://www.construrama.com/catalogo/otros-materiales/impermeabilizantes-y-accesorios/impermeabilizantes-acrilicos/sika-sika-acril-techo-power-6-anos-blanco-19-lt-cubeta/p/0302020026,0302020026,otros-materiales,sika-sika-acril-techo-power-6-anos-blanco-19-lt-cubeta
https://www.construrama.com/catalogo/otros-materiales/impermeabilizantes-y-accesorios/impermeabilizantes-acrilicos/sika-sika-acril-techo-power-8-anos-blanco-19-lt-cubeta/p/0302020027,0302020027,otros-materiales,sika-sika-acril-techo-power-8-anos-blanco-19-lt-cubeta
https://www.construrama.com/catalogo/otros-materiales/impermeabilizantes-y-accesorios/impermeabilizantes-acrilicos/sika-sika-acril-techo-power-8-anos-rojo-19-lt-cubeta/p/0302020028,0302020028,otros-materiales,sika-sika-acril-techo-power-8-anos-rojo-19-lt-cubeta
https://www.construrama.com/catalogo/otros-materiales/impermeabilizantes-y-accesorios/impermeabilizantes-acrilicos/sika-sika-zero-salitre-doy-pack-121-lt-cubeta/p/0302020029,0302020029,otros-materiales,sika-sika-zero-salitre-doy-pack-121-lt-cubeta
https://www.construrama.com/catalogo/otros-materiales/impermeabilizantes-y-accesorios/impermeabilizantes-acrilicos/sika-sika-zero-salitre-pet-505-kg-pieza/p/0302020030,0302020030,otros-materiales,sika-sika-zero-salitre-pet-505-kg-pieza
https://www.construrama.com/catalogo/otros-materiales/impermeabilizantes-y-accesorios/impermeabilizantes-acrilicos/sika-sikalastic-1c-gris-20-kg-saco/p/0302020031,0302020031,otros-materiales,sika-sikalastic-1c-gris-20-kg-saco
https://www.construrama.com/catalogo/otros-materiales/impermeabilizantes-y-accesorios/impermeabilizantes-acrilicos/sika-sikalastic-560-gris-19-lt-cubeta/p/0302020032,0302020032,otros-materiales,sika-sikalastic-560-gris-19-lt-cubeta
https://www.construrama.com/catalogo/otros-materiales/impermeabilizantes-y-accesorios/impermeabilizantes-acrilicos/sika-sikalastic-blanco-25-kg-cubeta/p/0302020033,0302020033,otros-materiales,sika-sikalastic-blanco-25-kg-cubeta
https://www.construrama.com/catalogo/otros-materiales/impermeabilizantes-y-accesorios/impermeabilizantes-asfalticos/fester-impermeabilizante-microlastic-19-lt-cubeta/p/0302030001,0302030001,otros-materiales,fester-impermeabilizante-microlastic-19-lt-cubeta
https://www.construrama.com/catalogo/otros-materiales/impermeabilizantes-y-accesorios/impermeabilizantes-asfalticos/fester-impermeabilizante-microlastic-4-lt-cubeta/p/0302030002,0302030002,otros-materiales,fester-impermeabilizante-microlastic-4-lt-cubeta
https://www.construrama.com/catalogo/otros-materiales/impermeabilizantes-y-accesorios/impermeabilizantes-cementantes/impermeabilizante-en-polvo-pegaduro-20-kg-saco/p/0302040001,0302040001,otros-materiales,impermeabilizante-en-polvo-pegaduro-20-kg-saco
https://www.construrama.com/catalogo/otros-materiales/madera/desmoldante/sika-desmoldante-acua-19lt-cubeta/p/0303010001,0303010001,otros-materiales,sika-desmoldante-acua-19lt-cubeta
https://www.construrama.com/catalogo/otros-materiales/madera/desmoldante/sika-desmoldante-acua-tambor-200lt-tambo/p/0303010002,0303010002,otros-materiales,sika-desmoldante-acua-tambor-200lt-tambo
https://www.construrama.com/catalogo/otros-materiales/madera/desmoldante/sika-desmoldante-m-tambor-200lt-tambo/p/0303010003,0303010003,otros-materiales,sika-desmoldante-m-tambor-200lt-tambo
https://www.construrama.com/catalogo/otros-materiales/sistemas-de-construccion-ligera/complementos-de-instalacion/usg-adhesivo-redimix-12-kg-caja-caja/p/0304010001,0304010001,otros-materiales,usg-adhesivo-redimix-12-kg-caja-caja
https://www.construrama.com/catalogo/otros-materiales/sistemas-de-construccion-ligera/complementos-de-instalacion/usg-adhesivo-redimix-218-kg-caja/p/0304010002,0304010002,otros-materiales,usg-adhesivo-redimix-218-kg-caja
https://www.construrama.com/catalogo/otros-materiales/sistemas-de-construccion-ligera/complementos-de-instalacion/usg-adhesivo-redimix-25-kg-caja/p/0304010003,0304010003,otros-materiales,usg-adhesivo-redimix-25-kg-caja
https://www.construrama.com/catalogo/otros-materiales/sistemas-de-construccion-ligera/complementos-de-instalacion/usg-adhesivo-redimix-28-kg-caja-caja/p/0304010004,0304010004,otros-materiales,usg-adhesivo-redimix-28-kg-caja-caja
https://www.construrama.com/catalogo/otros-materiales/sistemas-de-construccion-ligera/complementos-de-instalacion/usg-adhesivo-redimix-6-kg-caja-caja/p/0304010005,0304010005,otros-materiales,usg-adhesivo-redimix-6-kg-caja-caja
https://www.construrama.com/catalogo/otros-materiales/sistemas-de-construccion-ligera/complementos-de-instalacion/usg-cinta-de-refuerzo-exterior-4x45m-pieza/p/0304010006,0304010006,otros-materiales,usg-cinta-de-refuerzo-exterior-4x45m-pieza
https://www.construrama.com/catalogo/otros-materiales/sistemas-de-construccion-ligera/complementos-de-instalacion/usg-perfacintasheetrock-52-cm-x-75-m-pieza/p/0304010007,0304010007,otros-materiales,usg-perfacintasheetrock-52-cm-x-75-m-pieza
https://www.construrama.com/catalogo/otros-materiales/sistemas-de-construccion-ligera/panel-de-cemento/panel-rey-panel-de-cemento-12-122x244m-pieza/p/0304020001,0304020001,otros-materiales,panel-rey-panel-de-cemento-12-122x244m-pieza
https://www.construrama.com/catalogo/otros-materiales/sistemas-de-construccion-ligera/panel-de-cemento/plaka-panel-de-cemento-12-122x244m-pieza/p/0304020002,0304020002,otros-materiales,plaka-panel-de-cemento-12-122x244m-pieza
https://www.construrama.com/catalogo/otros-materiales/sistemas-de-construccion-ligera/panel-de-cemento/usg-panel-de-cemento-12-122x244m-pieza/p/0304020003,0304020003,otros-materiales,usg-panel-de-cemento-12-122x244m-pieza
https://www.construrama.com/catalogo/otros-materiales/sistemas-de-construccion-ligera/panel-de-cemento/poste-metalico-1-58-x-305m-cal-20-pieza/p/0304020004,0304020004,otros-materiales,poste-metalico-1-58-x-305m-cal-20-pieza
https://www.construrama.com/catalogo/otros-materiales/sistemas-de-construccion-ligera/panel-de-cemento/poste-metalico-2-12-x-244m-cal-20-pieza/p/0304020005,0304020005,otros-materiales,poste-metalico-2-12-x-244m-cal-20-pieza
https://www.construrama.com/catalogo/otros-materiales/sistemas-de-construccion-ligera/panel-de-yeso/angulo-de-amarre-305-mt-cal-26-pieza/p/0304030001,0304030001,otros-materiales,angulo-de-amarre-305-mt-cal-26-pieza
https://www.construrama.com/catalogo/otros-materiales/sistemas-de-construccion-ligera/panel-de-cemento/poste-metalico-2-12-x-305m-cal-20-pieza/p/0304020006,0304020006,otros-materiales,poste-metalico-2-12-x-305m-cal-20-pieza
https://www.construrama.com/catalogo/otros-materiales/sistemas-de-construccion-ligera/panel-de-yeso/pyma-canal-de-amarre-410x305m-cal-26-pieza/p/0304030002,0304030002,otros-materiales,pyma-canal-de-amarre-410x305m-cal-26-pieza
https://www.construrama.com/catalogo/otros-materiales/sistemas-de-construccion-ligera/panel-de-yeso/canal-de-amarre-635x305m-cal-26-pieza/p/0304030003,0304030003,otros-materiales,canal-de-amarre-635x305m-cal-26-pieza
https://www.construrama.com/catalogo/otros-materiales/sistemas-de-construccion-ligera/panel-de-yeso/pyma-canal-de-amarre-635x305m-cal-26-pieza/p/0304030004,0304030004,otros-materiales,pyma-canal-de-amarre-635x305m-cal-26-pieza
https://www.construrama.com/catalogo/otros-materiales/sistemas-de-construccion-ligera/panel-de-yeso/pyma-canaleta-de-carga-1-12x305m-cal-22-pieza/p/0304030006,0304030006,otros-materiales,pyma-canaleta-de-carga-1-12x305m-cal-22-pieza
https://www.construrama.com/catalogo/otros-materiales/sistemas-de-construccion-ligera/panel-de-yeso/pyma-canal-liston-635x305m-cal-26-pieza/p/0304030005,0304030005,otros-materiales,pyma-canal-liston-635x305m-cal-26-pieza
https://www.construrama.com/catalogo/otros-materiales/sistemas-de-construccion-ligera/panel-de-yeso/plaka-panel-de-yeso-regular-12-122x244m-pieza/p/0304030008,0304030008,otros-materiales,plaka-panel-de-yeso-regular-12-122x244m-pieza
https://www.construrama.com/catalogo/otros-materiales/sistemas-de-construccion-ligera/panel-de-yeso/panel-rey-panel-de-yeso-regular-12-122x244m-pieza/p/0304030007,0304030007,otros-materiales,panel-rey-panel-de-yeso-regular-12-122x244m-pieza
https://www.construrama.com/catalogo/herramientas/seguridad-industrial/portaherramientas/adir-caja-herramientas-cb-plastico-13-pieza/p/0707090058,0707090058,herramientas,adir-caja-herramientas-cb-plastico-13-pieza
https://www.construrama.com/catalogo/herramientas/seguridad-industrial/portaherramientas/pretul-caja-plastica-13-con-compartimentos-pieza/p/0707090059,0707090059,herramientas,pretul-caja-plastica-13-con-compartimentos-pieza
https://www.construrama.com/catalogo/herramientas/seguridad-industrial/portaherramientas/truper-caja-plastica-19-con-compartimentos-naranja-pieza/p/0707090062,0707090062,herramientas,truper-caja-plastica-19-con-compartimentos-naranja-pieza
https://www.construrama.com/catalogo/herramientas/seguridad-industrial/portaherramientas/adir-caja-de-herramientas-con-organizador-pieza/p/0707090057,0707090057,herramientas,adir-caja-de-herramientas-con-organizador-pieza
https://www.construrama.com/catalogo/herramientas/seguridad-industrial/portaherramientas/truper-caja-plastica-14-con-compartimentos-naranja-pieza/p/0707090060,0707090060,herramientas,truper-caja-plastica-14-con-compartimentos-naranja-pieza
https://www.construrama.com/catalogo/herramientas/seguridad-industrial/portaherramientas/stanley-mochila-para-herramientas-pieza/p/0707090065,0707090065,herramientas,stanley-mochila-para-herramientas-pieza
https://www.construrama.com/catalogo/herramientas/seguridad-industrial/portaherramientas/truper-caja-plastica-16-con-compartimentos-naranja-pieza/p/0707090061,0707090061,herramientas,truper-caja-plastica-16-con-compartimentos-naranja-pieza
https://www.construrama.com/catalogo/herramientas/seguridad-industrial/portaherramientas/stanley-bolsa-de-herramientas-de-12-pieza/p/0707090066,0707090066,herramientas,stanley-bolsa-de-herramientas-de-12-pieza
https://www.construrama.com/catalogo/herramientas/seguridad-industrial/portaherramientas/stanley-cinturon-de-herramientas-pieza/p/0707090064,0707090064,herramientas,stanley-cinturon-de-herramientas-pieza
https://www.construrama.com/catalogo/herramientas/seguridad-industrial/portaherramientas/truper-caja-plastica-22-con-compartimentos-naranja-pieza/p/0707090063,0707090063,herramientas,truper-caja-plastica-22-con-compartimentos-naranja-pieza
https://www.construrama.com/catalogo/herramientas/seguridad-industrial/portaherramientas/stanley-bolsa-de-herramientas-personal-de-9-pieza/p/0707090067,0707090067,herramientas,stanley-bolsa-de-herramientas-personal-de-9-pieza
https://www.construrama.com/catalogo/herramientas/seguridad-industrial/portaherramientas/stanley-caja-clickconnect-19-pieza/p/0707090068,0707090068,herramientas,stanley-caja-clickconnect-19-pieza
https://www.construrama.com/catalogo/herramientas/seguridad-industrial/portaherramientas/stanley-caja-de-herramientas-2000-125-pieza/p/0707090070,0707090070,herramientas,stanley-caja-de-herramientas-2000-125-pieza
https://www.construrama.com/catalogo/herramientas/seguridad-industrial/portaherramientas/stanley-caja-de-herramientas-essential-125-pieza/p/0707090071,0707090071,herramientas,stanley-caja-de-herramientas-essential-125-pieza
https://www.construrama.com/catalogo/herramientas/seguridad-industrial/portaherramientas/stanley-caja-de-herramienmtas-19-pulgadas-pieza/p/0707090069,0707090069,herramientas,stanley-caja-de-herramienmtas-19-pulgadas-pieza
https://www.construrama.com/catalogo/herramientas/seguridad-industrial/portaherramientas/stanley-caja-rodante-2-en-1-pieza/p/0707090074,0707090074,herramientas,stanley-caja-rodante-2-en-1-pieza
https://www.construrama.com/catalogo/herramientas/seguridad-industrial/portaherramientas/stanley-caja-de-plastico-essencial-16-brocmetal-pieza/p/0707090073,0707090073,herramientas,stanley-caja-de-plastico-essencial-16-brocmetal-pieza
https://www.construrama.com/catalogo/herramientas/seguridad-industrial/portaherramientas/stanley-caja-de-herramientas-essential-16-pieza/p/0707090072,0707090072,herramientas,stanley-caja-de-herramientas-essential-16-pieza
https://www.construrama.com/catalogo/herramientas/seguridad-industrial/portaherramientas/stanley-caja-rodante-3-en-1-pieza/p/0707090075,0707090075,herramientas,stanley-caja-rodante-3-en-1-pieza
https://www.construrama.com/catalogo/herramientas/seguridad-industrial/portaherramientas/truper-bolso-ejecutivo-6-compartimentos-12-pieza/p/0707090076,0707090076,herramientas,truper-bolso-ejecutivo-6-compartimentos-12-pieza
https://www.construrama.com/catalogo/herramientas/seguridad-industrial/portaherramientas/truper-caja-de-herramienta-16-negra-pieza/p/0707090077,0707090077,herramientas,truper-caja-de-herramienta-16-negra-pieza
https://www.construrama.com/catalogo/herramientas/seguridad-industrial/portaherramientas/truper-gabinete-metalico-movil-4-cajones-capacidad-90-kg-pieza/p/0707090078,0707090078,herramientas,truper-gabinete-metalico-movil-4-cajones-capacidad-90-kg-pieza
https://www.construrama.com/catalogo/herramientas/seguridad-industrial/portaherramientas/truper-porta-taladro-de-poliester-con-cinco-compartimentos-pieza/p/0707090080,0707090080,herramientas,truper-porta-taladro-de-poliester-con-cinco-compartimentos-pieza
https://www.construrama.com/catalogo/herramientas/seguridad-industrial/portaherramientas/truper-gabinete-metalico-movil-6-cajones-capacidad-130-kg-pieza/p/0707090079,0707090079,herramientas,truper-gabinete-metalico-movil-6-cajones-capacidad-130-kg-pieza
https://www.construrama.com/catalogo/herramientas/seguridad-industrial/proteccion-corporal/truper-cristal-para-careta-caso300-sombra-12-pieza/p/0707100002,0707100002,herramientas,truper-cristal-para-careta-caso300-sombra-12-pieza
https://www.construrama.com/catalogo/herramientas/seguridad-industrial/portaherramientas/truper-portaherramientas-de-carnaza-para-limas-triangulares-pieza/p/0707090081,0707090081,herramientas,truper-portaherramientas-de-carnaza-para-limas-triangulares-pieza
https://www.construrama.com/catalogo/herramientas/seguridad-industrial/portaherramientas/surtek-caja-de-herramienta-metal-46x12x16-cmtb12-pieza/p/0707090082,0707090082,herramientas,surtek-caja-de-herramienta-metal-46x12x16-cmtb12-pieza
https://www.construrama.com/catalogo/herramientas/seguridad-industrial/portaherramientas/bellota-caja-portaherramientaspro-24-pieza/p/0707090083,0707090083,herramientas,bellota-caja-portaherramientaspro-24-pieza
https://www.construrama.com/catalogo/herramientas/seguridad-industrial/proteccion-corporal/truper-gafas-para-soldar-pieza/p/0707100004,0707100004,herramientas,truper-gafas-para-soldar-pieza
https://www.construrama.com/catalogo/herramientas/seguridad-industrial/proteccion-corporal/truper-cristal-goggles-sombra-no-6-para-gaso-pieza/p/0707100003,0707100003,herramientas,truper-cristal-goggles-sombra-no-6-para-gaso-pieza
https://www.construrama.com/catalogo/herramientas/seguridad-industrial/proteccion-corporal/truper-careta-para-soldar-ergonomica-pieza/p/0707100001,0707100001,herramientas,truper-careta-para-soldar-ergonomica-pieza
https://www.construrama.com/catalogo/herramientas/seguridad-industrial/proteccion-corporal/pretul-guante-algodon-pvc-palmasdorso-pieza/p/0707100005,0707100005,herramientas,pretul-guante-algodon-pvc-palmasdorso-pieza
https://www.construrama.com/catalogo/herramientas/seguridad-industrial/proteccion-corporal/truper-gabardina-talla-gde-pvc-pieza/p/0707100006,0707100006,herramientas,truper-gabardina-talla-gde-pvc-pieza
https://www.construrama.com/catalogo/herramientas/seguridad-industrial/proteccion-corporal/fiero-mascarillas-para-polvo-blister-10-pieza/p/0707100007,0707100007,herramientas,fiero-mascarillas-para-polvo-blister-10-pieza
https://www.construrama.com/catalogo/herramientas/seguridad-industrial/proteccion-corporal/truper-revolvedor-de-pintura-20-pieza/p/0707100008,0707100008,herramientas,truper-revolvedor-de-pintura-20-pieza
https://www.construrama.com/catalogo/herramientas/seguridad-industrial/proteccion-corporal/pretul-careta-para-soldar-pieza/p/0707100009,0707100009,herramientas,pretul-careta-para-soldar-pieza
https://www.construrama.com/catalogo/herramientas/seguridad-industrial/proteccion-corporal/truper-conjunto-impermeable-talla-mediana-pvc-pieza/p/0707100010,0707100010,herramientas,truper-conjunto-impermeable-talla-mediana-pvc-pieza
https://www.construrama.com/catalogo/herramientas/seguridad-industrial/proteccion-corporal/pretul-zapatos-con-casco-25-negro-agujeta-bicolor-pieza/p/0707100011,0707100011,herramientas,pretul-zapatos-con-casco-25-negro-agujeta-bicolor-pieza
https://www.construrama.com/catalogo/herramientas/seguridad-industrial/proteccion-corporal/pretul-zapatos-con-casco-26-negro-agujeta-bicolor-pieza/p/0707100012,0707100012,herramientas,pretul-zapatos-con-casco-26-negro-agujeta-bicolor-pieza
https://www.construrama.com/catalogo/herramientas/seguridad-industrial/proteccion-corporal/pretul-zapatos-con-casco-27-negro-agujeta-bicolor-pieza/p/0707100013,0707100013,herramientas,pretul-zapatos-con-casco-27-negro-agujeta-bicolor-pieza
https://www.construrama.com/catalogo/herramientas/seguridad-industrial/proteccion-corporal/pretul-zapatos-con-casco-28-negro-agujeta-bicolor-pieza/p/0707100014,0707100014,herramientas,pretul-zapatos-con-casco-28-negro-agujeta-bicolor-pieza
https://www.construrama.com/catalogo/herramientas/seguridad-industrial/proteccion-corporal/pretul-zapatos-con-casco-29-negro-agujeta-bicolor-pieza/p/0707100015,0707100015,herramientas,pretul-zapatos-con-casco-29-negro-agujeta-bicolor-pieza
https://www.construrama.com/catalogo/herramientas/seguridad-industrial/proteccion-corporal/pretul-guantes-de-carnaza-cortos-pieza/p/0707100017,0707100017,herramientas,pretul-guantes-de-carnaza-cortos-pieza
https://www.construrama.com/catalogo/herramientas/seguridad-industrial/proteccion-corporal/pretul-zapatos-con-casco-30-negro-agujeta-bicolor-pieza/p/0707100016,0707100016,herramientas,pretul-zapatos-con-casco-30-negro-agujeta-bicolor-pieza
https://www.construrama.com/catalogo/herramientas/seguridad-industrial/proteccion-corporal/truper-guantes-nailon-recubierto-nitrilo-largo-pieza/p/0707100022,0707100022,herramientas,truper-guantes-nailon-recubierto-nitrilo-largo-pieza
https://www.construrama.com/catalogo/herramientas/seguridad-industrial/proteccion-corporal/truper-guantes-de-hule-pieza/p/0707100019,0707100019,herramientas,truper-guantes-de-hule-pieza
https://www.construrama.com/catalogo/herramientas/seguridad-industrial/proteccion-corporal/truper-guantes-carnaza-usos-generales-largo-pieza/p/0707100018,0707100018,herramientas,truper-guantes-carnaza-usos-generales-largo-pieza
https://www.construrama.com/catalogo/herramientas/seguridad-industrial/proteccion-corporal/truper-guantes-para-jardineria-grandes-pieza/p/0707100020,0707100020,herramientas,truper-guantes-para-jardineria-grandes-pieza
https://www.construrama.com/catalogo/herramientas/seguridad-industrial/proteccion-corporal/truper-guantes-nailon-para-mecanico-largos-pieza/p/0707100021,0707100021,herramientas,truper-guantes-nailon-para-mecanico-largos-pieza
https://www.construrama.com/catalogo/herramientas/seguridad-industrial/proteccion-corporal/truper-guantes-para-pintor-medianos-pieza/p/0707100023,0707100023,herramientas,truper-guantes-para-pintor-medianos-pieza
https://www.construrama.com/catalogo/herramientas/seguridad-industrial/proteccion-corporal/pretul-guantes-de-algodon-con-puntos-de-pvc-pieza/p/0707100024,0707100024,herramientas,pretul-guantes-de-algodon-con-puntos-de-pvc-pieza
https://www.construrama.com/catalogo/herramientas/seguridad-industrial/proteccion-corporal/truper-guantes-carnaza-y-loneta-con-refuerzo-gde-pieza/p/0707100027,0707100027,herramientas,truper-guantes-carnaza-y-loneta-con-refuerzo-gde-pieza
https://www.construrama.com/catalogo/herramientas/seguridad-industrial/proteccion-corporal/truper-guantes-para-jardineria-medianos-pieza/p/0707100025,0707100025,herramientas,truper-guantes-para-jardineria-medianos-pieza
https://www.construrama.com/catalogo/herramientas/seguridad-industrial/proteccion-corporal/truper-guantes-nailon-para-mecanico-chicos-pieza/p/0707100032,0707100032,herramientas,truper-guantes-nailon-para-mecanico-chicos-pieza
https://www.construrama.com/catalogo/herramientas/seguridad-industrial/proteccion-corporal/truper-guantes-carnaza-y-loneta-gde-pieza/p/0707100028,0707100028,herramientas,truper-guantes-carnaza-y-loneta-gde-pieza
https://www.construrama.com/catalogo/herramientas/seguridad-industrial/proteccion-corporal/wurth-guantes-de-carnaza-9-pieza/p/0707100029,0707100029,herramientas,wurth-guantes-de-carnaza-9-pieza
https://www.construrama.com/catalogo/herramientas/seguridad-industrial/proteccion-corporal/truper-guantes-de-carnaza-y-loneta-chicos-pieza/p/0707100030,0707100030,herramientas,truper-guantes-de-carnaza-y-loneta-chicos-pieza
https://www.construrama.com/catalogo/herramientas/seguridad-industrial/proteccion-corporal/truper-guantes-nailon-recubierto-nitrilo-chico-pieza/p/0707100033,0707100033,herramientas,truper-guantes-nailon-recubierto-nitrilo-chico-pieza
https://www.construrama.com/catalogo/herramientas/seguridad-industrial/proteccion-corporal/truper-guantes-de-carnaza-cortos-pieza/p/0707100031,0707100031,herramientas,truper-guantes-de-carnaza-cortos-pieza
https://www.construrama.com/catalogo/herramientas/seguridad-industrial/proteccion-corporal/truper-zapatos-industriales-casquillo-26-negro-pieza/p/0707100034,0707100034,herramientas,truper-zapatos-industriales-casquillo-26-negro-pieza
https://www.construrama.com/catalogo/herramientas/seguridad-industrial/proteccion-corporal/truper-zapatos-industriales-casquillo27-negro-pieza/p/0707100035,0707100035,herramientas,truper-zapatos-industriales-casquillo27-negro-pieza
https://www.construrama.com/catalogo/herramientas/seguridad-industrial/proteccion-corporal/lion-tools-guante-nylongrisnitrilo-no8-pieza/p/0707100037,0707100037,herramientas,lion-tools-guante-nylongrisnitrilo-no8-pieza
https://www.construrama.com/catalogo/herramientas/seguridad-industrial/proteccion-corporal/lion-tools-guante-nylonnegronitrilo-no9-pieza/p/0707100036,0707100036,herramientas,lion-tools-guante-nylonnegronitrilo-no9-pieza
https://www.construrama.com/catalogo/herramientas/seguridad-industrial/proteccion-corporal/vitex-par-de-guantes-hule-no8-pieza/p/0707100042,0707100042,herramientas,vitex-par-de-guantes-hule-no8-pieza
https://www.construrama.com/catalogo/herramientas/seguridad-industrial/proteccion-corporal/vitex-par-de-guantes-hule-no9-pieza/p/0707100043,0707100043,herramientas,vitex-par-de-guantes-hule-no9-pieza
https://www.construrama.com/catalogo/herramientas/seguridad-industrial/proteccion-corporal/par-de-guantes-carnaza-reforzado-corto-pieza/p/0707100039,0707100039,herramientas,par-de-guantes-carnaza-reforzado-corto-pieza
https://www.construrama.com/catalogo/herramientas/seguridad-industrial/proteccion-corporal/lion-tools-guante-nylonnegronitrilo-no10-pieza/p/0707100038,0707100038,herramientas,lion-tools-guante-nylonnegronitrilo-no10-pieza
https://www.construrama.com/catalogo/herramientas/seguridad-industrial/proteccion-corporal/vitex-par-de-guantes-hule-no10-pieza/p/0707100040,0707100040,herramientas,vitex-par-de-guantes-hule-no10-pieza
https://www.construrama.com/catalogo/herramientas/seguridad-industrial/proteccion-corporal/vitex-guantes-hule-no7-pieza/p/0707100041,0707100041,herramientas,vitex-guantes-hule-no7-pieza
https://www.construrama.com/catalogo/herramientas/seguridad-industrial/proteccion-corporal/pretul-rodilleras-de-espuma-pieza/p/0707100044,0707100044,herramientas,pretul-rodilleras-de-espuma-pieza
https://www.construrama.com/catalogo/herramientas/seguridad-industrial/proteccion-corporal/truper-botas-industriales-26-pieza/p/0707100045,0707100045,herramientas,truper-botas-industriales-26-pieza
https://www.construrama.com/catalogo/herramientas/seguridad-industrial/proteccion-corporal/truper-botas-industriales-27-pieza/p/0707100046,0707100046,herramientas,truper-botas-industriales-27-pieza
https://www.construrama.com/catalogo/herramientas/seguridad-industrial/proteccion-corporal/hill-safe-guante-japones-blanco-con-puntos-negros-pvc-pieza/p/0707100050,0707100050,herramientas,hill-safe-guante-japones-blanco-con-puntos-negros-pvc-pieza
https://www.construrama.com/catalogo/herramientas/seguridad-industrial/proteccion-corporal/truper-botas-industriales-28-pieza/p/0707100047,0707100047,herramientas,truper-botas-industriales-28-pieza
https://www.construrama.com/catalogo/herramientas/seguridad-industrial/proteccion-corporal/truper-repuesto-para-nm6-y-nm7-con-5-cuchillas-pieza/p/0707100048,0707100048,herramientas,truper-repuesto-para-nm6-y-nm7-con-5-cuchillas-pieza
https://www.construrama.com/catalogo/herramientas/seguridad-industrial/proteccion-corporal/hill-safe-guante-japones-gris-5330-algodon-ligero-pieza/p/0707100049,0707100049,herramientas,hill-safe-guante-japones-gris-5330-algodon-ligero-pieza
https://www.construrama.com/catalogo/herramientas/seguridad-industrial/proteccion-corporal/hill-safe-guante-hillnite-recon-pu-gris-8911np-pieza/p/0707100051,0707100051,herramientas,hill-safe-guante-hillnite-recon-pu-gris-8911np-pieza
https://www.construrama.com/catalogo/herramientas/seguridad-industrial/proteccion-corporal/hill-safe-guante-de-piel-tipo-conductor-3201-pieza/p/0707100053,0707100053,herramientas,hill-safe-guante-de-piel-tipo-conductor-3201-pieza
https://www.construrama.com/catalogo/herramientas/seguridad-industrial/proteccion-corporal/hill-safe-guante-hill-cron-p-seg-eco-mod-9761l-pieza/p/0707100052,0707100052,herramientas,hill-safe-guante-hill-cron-p-seg-eco-mod-9761l-pieza
https://www.construrama.com/catalogo/herramientas/seguridad-industrial/proteccion-corporal/hill-safe-guante-hillnite-nitrilo-negro-9910ni-pieza/p/0707100054,0707100054,herramientas,hill-safe-guante-hillnite-nitrilo-negro-9910ni-pieza
https://www.construrama.com/catalogo/herramientas/seguridad-industrial/proteccion-corporal/hill-safe-guante-con-lona-doble-unitalla-100-algo-don-hill-safe-pieza/p/0707100055,0707100055,herramientas,hill-safe-guante-con-lona-doble-unitalla-100-algo-don-hill-safe-pieza
https://www.construrama.com/catalogo/herramientas/seguridad-industrial/proteccion-corporal/hill-safe-guante-carnaza-chino-rayado-sen-1230s-pieza/p/0707100056,0707100056,herramientas,hill-safe-guante-carnaza-chino-rayado-sen-1230s-pieza
https://www.construrama.com/catalogo/herramientas/seguridad-industrial/proteccion-corporal/hill-safe-guante-carnaza-corto-naranja-pieza/p/0707100057,0707100057,herramientas,hill-safe-guante-carnaza-corto-naranja-pieza
https://www.construrama.com/catalogo/herramientas/seguridad-industrial/proteccion-corporal/truper-cristal-para-careta-caso300-sombra-10-pieza/p/0707100058,0707100058,herramientas,truper-cristal-para-careta-caso300-sombra-10-pieza
https://www.construrama.com/catalogo/herramientas/seguridad-industrial/proteccion-corporal/truper-cristal-para-careta-caso300-sombra-11-pieza/p/0707100059,0707100059,herramientas,truper-cristal-para-careta-caso300-sombra-11-pieza
https://www.construrama.com/catalogo/herramientas/seguridad-industrial/proteccion-corporal/truper-cristal-para-careta-caso300-sombra-14-pieza/p/0707100060,0707100060,herramientas,truper-cristal-para-careta-caso300-sombra-14-pieza
https://www.construrama.com/catalogo/herramientas/seguridad-industrial/proteccion-corporal/truper-cristal-para-careta-caso300-transparente-pieza/p/0707100061,0707100061,herramientas,truper-cristal-para-careta-caso300-transparente-pieza
https://www.construrama.com/catalogo/herramientas/seguridad-industrial/proteccion-corporal/truper-botas-sanitarias-26-pieza/p/0707100062,0707100062,herramientas,truper-botas-sanitarias-26-pieza
https://www.construrama.com/catalogo/herramientas/seguridad-industrial/proteccion-corporal/truper-botas-sanitarias-27-pieza/p/0707100063,0707100063,herramientas,truper-botas-sanitarias-27-pieza
https://www.construrama.com/catalogo/herramientas/seguridad-industrial/proteccion-corporal/truper-botas-sanitarias-28-pieza/p/0707100064,0707100064,herramientas,truper-botas-sanitarias-28-pieza
https://www.construrama.com/catalogo/herramientas/seguridad-industrial/proteccion-corporal/truper-botas-sanitarias-29-pieza/p/0707100065,0707100065,herramientas,truper-botas-sanitarias-29-pieza
https://www.construrama.com/catalogo/herramientas/seguridad-industrial/proteccion-corporal/truper-botas-industriales-25-pieza/p/0707100067,0707100067,herramientas,truper-botas-industriales-25-pieza
https://www.construrama.com/catalogo/herramientas/seguridad-industrial/proteccion-corporal/truper-guantes-para-mecanico-alta-visibilidad-pieza/p/0707100071,0707100071,herramientas,truper-guantes-para-mecanico-alta-visibilidad-pieza
https://www.construrama.com/catalogo/herramientas/seguridad-industrial/proteccion-corporal/truper-guantes-de-poliamida-recubiertos-de-nitrilo-medianos-pieza/p/0707100068,0707100068,herramientas,truper-guantes-de-poliamida-recubiertos-de-nitrilo-medianos-pieza
https://www.construrama.com/catalogo/herramientas/seguridad-industrial/proteccion-corporal/truper-guantes-de-nailon-con-puntos-de-pvc-en-palma-chicos-pieza/p/0707100072,0707100072,herramientas,truper-guantes-de-nailon-con-puntos-de-pvc-en-palma-chicos-pieza
https://www.construrama.com/catalogo/herramientas/seguridad-industrial/proteccion-corporal/truper-guantes-de-poliamida-recubiertos-de-nitrilo-grandes-pieza/p/0707100069,0707100069,herramientas,truper-guantes-de-poliamida-recubiertos-de-nitrilo-grandes-pieza
https://www.construrama.com/catalogo/herramientas/seguridad-industrial/proteccion-corporal/truper-guantes-para-mecanico-palma-reforzada-pieza/p/0707100070,0707100070,herramientas,truper-guantes-para-mecanico-palma-reforzada-pieza
https://www.construrama.com/catalogo/herramientas/seguridad-industrial/proteccion-corporal/truper-guantes-de-nailon-con-puntos-de-pvc-en-palma-medianos-pieza/p/0707100073,0707100073,herramientas,truper-guantes-de-nailon-con-puntos-de-pvc-en-palma-medianos-pieza
https://www.construrama.com/catalogo/herramientas/seguridad-industrial/proteccion-corporal/truper-guantes-de-nailon-con-puntos-de-pvc-en-palma-grandes-pieza/p/0707100074,0707100074,herramientas,truper-guantes-de-nailon-con-puntos-de-pvc-en-palma-grandes-pieza
https://www.construrama.com/catalogo/herramientas/seguridad-industrial/proteccion-corporal/truper-guantes-nailon-para-mecanico-medianos-pieza/p/0707100075,0707100075,herramientas,truper-guantes-nailon-para-mecanico-medianos-pieza
https://www.construrama.com/catalogo/herramientas/seguridad-industrial/proteccion-corporal/truper-guantes-carnaza-y-loneta-uso-ligero-pieza/p/0707100077,0707100077,herramientas,truper-guantes-carnaza-y-loneta-uso-ligero-pieza
https://www.construrama.com/catalogo/herramientas/seguridad-industrial/proteccion-corporal/truper-guantes-para-manejo-de-alimentos-grandes-pieza/p/0707100079,0707100079,herramientas,truper-guantes-para-manejo-de-alimentos-grandes-pieza
https://www.construrama.com/catalogo/herramientas/seguridad-industrial/proteccion-corporal/truper-guantes-de-carnaza-largo-pieza/p/0707100076,0707100076,herramientas,truper-guantes-de-carnaza-largo-pieza
https://www.construrama.com/catalogo/herramientas/seguridad-industrial/proteccion-corporal/truper-guantes-para-manejo-de-alimentos-medianos-pieza/p/0707100078,0707100078,herramientas,truper-guantes-para-manejo-de-alimentos-medianos-pieza
https://www.construrama.com/catalogo/herramientas/seguridad-industrial/proteccion-corporal/truper-guantes-industriales-grandes-pieza/p/0707100081,0707100081,herramientas,truper-guantes-industriales-grandes-pieza
https://www.construrama.com/catalogo/herramientas/seguridad-industrial/proteccion-corporal/truper-guantes-para-pintor-grandes-pieza/p/0707100080,0707100080,herramientas,truper-guantes-para-pintor-grandes-pieza
https://www.construrama.com/catalogo/herramientas/seguridad-industrial/proteccion-corporal/truper-guantes-para-manejo-de-quimicos-grandes-pieza/p/0707100082,0707100082,herramientas,truper-guantes-para-manejo-de-quimicos-grandes-pieza
https://www.construrama.com/catalogo/herramientas/seguridad-industrial/proteccion-corporal/truper-guantes-algodon-recubierto-con-nitrilo-puno-calcetin-pieza/p/0707100083,0707100083,herramientas,truper-guantes-algodon-recubierto-con-nitrilo-puno-calcetin-pieza
https://www.construrama.com/catalogo/herramientas/seguridad-industrial/proteccion-corporal/truper-guantes-carnaza-usos-generales-corto-pieza/p/0707100085,0707100085,herramientas,truper-guantes-carnaza-usos-generales-corto-pieza
https://www.construrama.com/catalogo/herramientas/seguridad-industrial/proteccion-corporal/truper-guantes-para-soldador-pieza/p/0707100084,0707100084,herramientas,truper-guantes-para-soldador-pieza
https://www.construrama.com/catalogo/herramientas/seguridad-industrial/proteccion-corporal/truper-guantes-de-latex-para-limpieza-medianos-reforzados-pieza/p/0707100086,0707100086,herramientas,truper-guantes-de-latex-para-limpieza-medianos-reforzados-pieza
https://www.construrama.com/catalogo/herramientas/seguridad-industrial/proteccion-corporal/truper-zapato-industrial-con-casquillo-25-cafe-pieza/p/0707100087,0707100087,herramientas,truper-zapato-industrial-con-casquillo-25-cafe-pieza
https://www.construrama.com/catalogo/herramientas/seguridad-industrial/proteccion-corporal/truper-zapato-industrial-con-casquillo-26-cafe-pieza/p/0707100088,0707100088,herramientas,truper-zapato-industrial-con-casquillo-26-cafe-pieza
https://www.construrama.com/catalogo/herramientas/seguridad-industrial/proteccion-corporal/truper-zapato-industrial-con-casquillo-27-cafe-pieza/p/0707100089,0707100089,herramientas,truper-zapato-industrial-con-casquillo-27-cafe-pieza
https://www.construrama.com/catalogo/herramientas/seguridad-industrial/proteccion-corporal/truper-zapato-industrial-con-casquillo-28-cafe-pieza/p/0707100090,0707100090,herramientas,truper-zapato-industrial-con-casquillo-28-cafe-pieza
https://www.construrama.com/catalogo/herramientas/seguridad-industrial/proteccion-corporal/truper-zapato-industrial-con-casquillo-29-cafe-pieza/p/0707100091,0707100091,herramientas,truper-zapato-industrial-con-casquillo-29-cafe-pieza
https://www.construrama.com/catalogo/herramientas/seguridad-industrial/proteccion-corporal/truper-zapatos-dielectricos-con-casquillo-26-cafe-pieza/p/0707100093,0707100093,herramientas,truper-zapatos-dielectricos-con-casquillo-26-cafe-pieza
https://www.construrama.com/catalogo/herramientas/seguridad-industrial/proteccion-corporal/truper-zapatos-dielectricos-con-casquillo-25-cafe-pieza/p/0707100092,0707100092,herramientas,truper-zapatos-dielectricos-con-casquillo-25-cafe-pieza
https://www.construrama.com/catalogo/herramientas/seguridad-industrial/proteccion-corporal/truper-zapatos-dielectricos-con-casquillo-27-negro-pieza/p/0707100098,0707100098,herramientas,truper-zapatos-dielectricos-con-casquillo-27-negro-pieza
https://www.construrama.com/catalogo/herramientas/seguridad-industrial/proteccion-corporal/truper-zapatos-dielectricos-con-casquillo-26-negro-pieza/p/0707100097,0707100097,herramientas,truper-zapatos-dielectricos-con-casquillo-26-negro-pieza
https://www.construrama.com/catalogo/herramientas/seguridad-industrial/proteccion-corporal/truper-zapatos-dielectricos-con-casquillo-27-cafe-pieza/p/0707100094,0707100094,herramientas,truper-zapatos-dielectricos-con-casquillo-27-cafe-pieza
https://www.construrama.com/catalogo/herramientas/seguridad-industrial/proteccion-corporal/truper-zapatos-dielectricos-con-casquillo-28-cafe-pieza/p/0707100095,0707100095,herramientas,truper-zapatos-dielectricos-con-casquillo-28-cafe-pieza
https://www.construrama.com/catalogo/herramientas/seguridad-industrial/proteccion-corporal/truper-zapatos-dielectricos-con-casquillo-29-cafe-pieza/p/0707100096,0707100096,herramientas,truper-zapatos-dielectricos-con-casquillo-29-cafe-pieza
https://www.construrama.com/catalogo/herramientas/seguridad-industrial/proteccion-corporal/truper-zapatos-dielectricos-con-casquillo-28-negro-pieza/p/0707100099,0707100099,herramientas,truper-zapatos-dielectricos-con-casquillo-28-negro-pieza
https://www.construrama.com/catalogo/herramientas/seguridad-industrial/proteccion-corporal/truper-zapatos-dielectricos-con-casquillo-29-negro-pieza/p/0707100100,0707100100,herramientas,truper-zapatos-dielectricos-con-casquillo-29-negro-pieza
https://www.construrama.com/catalogo/herramientas/seguridad-industrial/proteccion-corporal/truper-zapatos-dielectricos-con-casquillo-30-negro-pieza/p/0707100101,0707100101,herramientas,truper-zapatos-dielectricos-con-casquillo-30-negro-pieza
https://www.construrama.com/catalogo/herramientas/seguridad-industrial/proteccion-corporal/truper-zapatos-industriales-con-casquillo-28-negro-pieza/p/0707100103,0707100103,herramientas,truper-zapatos-industriales-con-casquillo-28-negro-pieza
https://www.construrama.com/catalogo/herramientas/seguridad-industrial/proteccion-corporal/truper-zapatos-industriales-con-casquillo-29-negro-pieza/p/0707100104,0707100104,herramientas,truper-zapatos-industriales-con-casquillo-29-negro-pieza
https://www.construrama.com/catalogo/herramientas/seguridad-industrial/proteccion-corporal/truper-zapatos-industriales-con-casquillo-25-negro-pieza/p/0707100102,0707100102,herramientas,truper-zapatos-industriales-con-casquillo-25-negro-pieza
https://www.construrama.com/catalogo/herramientas/seguridad-industrial/proteccion-corporal/pretul-careta-para-soldar-electronica-pieza/p/0707100105,0707100105,herramientas,pretul-careta-para-soldar-electronica-pieza
https://www.construrama.com/catalogo/herramientas/seguridad-industrial/proteccion-corporal/truper-conjunto-impermeable-talla-grande-pvc-pieza/p/0707100106,0707100106,herramientas,truper-conjunto-impermeable-talla-grande-pvc-pieza
https://www.construrama.com/catalogo/herramientas/seguridad-industrial/proteccion-corporal/guantes-de-plastico-suavex-pieza/p/0707100108,0707100108,herramientas,guantes-de-plastico-suavex-pieza
https://www.construrama.com/catalogo/herramientas/seguridad-industrial/proteccion-corporal/pretul-guantes-latex-limpieza-grandes-pieza/p/0707100107,0707100107,herramientas,pretul-guantes-latex-limpieza-grandes-pieza
https://www.construrama.com/catalogo/herramientas/seguridad-industrial/proteccion-corporal/guantes-bloquero-pieza/p/0707100109,0707100109,herramientas,guantes-bloquero-pieza
https://www.construrama.com/catalogo/herramientas/seguridad-industrial/proteccion-corporal/guante-de-cuero-econ-pieza/p/0707100110,0707100110,herramientas,guante-de-cuero-econ-pieza
https://www.construrama.com/catalogo/herramientas/seguridad-industrial/proteccion-corporal/lion-tools-guante-de-algodon-latex-cristalero-pieza/p/0707100113,0707100113,herramientas,lion-tools-guante-de-algodon-latex-cristalero-pieza
https://www.construrama.com/catalogo/herramientas/seguridad-industrial/proteccion-corporal/bota-industrial-negra-pieza/p/0707100112,0707100112,herramientas,bota-industrial-negra-pieza
https://www.construrama.com/catalogo/herramientas/seguridad-industrial/proteccion-corporal/guante-cojinado-gris-pieza/p/0707100111,0707100111,herramientas,guante-cojinado-gris-pieza
https://www.construrama.com/catalogo/herramientas/seguridad-industrial/proteccion-corporal/lion-tools-guante-palma-nit-pieza/p/0707100116,0707100116,herramientas,lion-tools-guante-palma-nit-pieza
https://www.construrama.com/catalogo/herramientas/seguridad-industrial/proteccion-corporal/lion-tools-guante-de-carnaza-largo-amarillo-pieza/p/0707100114,0707100114,herramientas,lion-tools-guante-de-carnaza-largo-amarillo-pieza
https://www.construrama.com/catalogo/herramientas/seguridad-industrial/proteccion-corporal/lion-tools-guante-de-piel-pieza/p/0707100115,0707100115,herramientas,lion-tools-guante-de-piel-pieza
https://www.construrama.com/catalogo/herramientas/seguridad-industrial/proteccion-corporal/lion-tools-guantes-recubierto-de-nitrilo-pieza/p/0707100117,0707100117,herramientas,lion-tools-guantes-recubierto-de-nitrilo-pieza
https://www.construrama.com/catalogo/herramientas/seguridad-industrial/proteccion-corporal/lion-tools-impermeable-gabardina-corta-xl-pieza/p/0707100118,0707100118,herramientas,lion-tools-impermeable-gabardina-corta-xl-pieza
https://www.construrama.com/catalogo/herramientas/seguridad-industrial/proteccion-corporal/truper-arnes-cuerpo-completo-3-anillos-pieza/p/0707100125,0707100125,herramientas,truper-arnes-cuerpo-completo-3-anillos-pieza
https://www.construrama.com/catalogo/herramientas/seguridad-industrial/proteccion-corporal/truper-guantes-piel-de-cabra-con-dorso-d-pieza/p/0707100126,0707100126,herramientas,truper-guantes-piel-de-cabra-con-dorso-d-pieza
https://www.construrama.com/catalogo/herramientas/seguridad-industrial/proteccion-corporal/lion-tools-lente-de-seguridad-lig-vde-pieza/p/0707100119,0707100119,herramientas,lion-tools-lente-de-seguridad-lig-vde-pieza
https://www.construrama.com/catalogo/herramientas/seguridad-industrial/proteccion-corporal/lion-tools-vidrio-para-careta-sombra-11-pieza/p/0707100121,0707100121,herramientas,lion-tools-vidrio-para-careta-sombra-11-pieza
https://www.construrama.com/catalogo/herramientas/seguridad-industrial/proteccion-corporal/lion-tools-vidrio-para-careta-claro-pieza/p/0707100120,0707100120,herramientas,lion-tools-vidrio-para-careta-claro-pieza
https://www.construrama.com/catalogo/herramientas/seguridad-industrial/proteccion-corporal/truper-guantes-piel-de-cabra-con-refuerzo-pieza/p/0707100127,0707100127,herramientas,truper-guantes-piel-de-cabra-con-refuerzo-pieza
https://www.construrama.com/catalogo/herramientas/seguridad-industrial/proteccion-corporal/byp-guantes-de-algodon-puntos-de-pvc-unitilla-12-piezas-paquete/p/0707100129,0707100129,herramientas,byp-guantes-de-algodon-puntos-de-pvc-unitilla-12-piezas-paquete
https://www.construrama.com/catalogo/herramientas/seguridad-industrial/proteccion-corporal/truper-orejera-ajustable-pieza/p/0707100128,0707100128,herramientas,truper-orejera-ajustable-pieza
https://www.construrama.com/catalogo/herramientas/seguridad-industrial/proteccion-corporal/byp-guantes-de-nylon-recubierto-de-nitrilo-medianos-12-piezas-paquete/p/0707100130,0707100130,herramientas,byp-guantes-de-nylon-recubierto-de-nitrilo-medianos-12-piezas-paquete
https://www.construrama.com/catalogo/herramientas/seguridad-industrial/proteccion-corporal/byp-guantes-de-nylon-recubierto-de-nitrilo-grandes-12-piezas-paquete/p/0707100131,0707100131,herramientas,byp-guantes-de-nylon-recubierto-de-nitrilo-grandes-12-piezas-paquete
https://www.construrama.com/catalogo/herramientas/seguridad-industrial/proteccion-corporal/lion-tools-rodillera-2pz-pieza/p/0707100135,0707100135,herramientas,lion-tools-rodillera-2pz-pieza
https://www.construrama.com/catalogo/herramientas/seguridad-industrial/proteccion-corporal/truper-guantes-de-limpieza-de-nitrilo-verde-grandes-pieza/p/0707100132,0707100132,herramientas,truper-guantes-de-limpieza-de-nitrilo-verde-grandes-pieza
https://www.construrama.com/catalogo/herramientas/seguridad-industrial/proteccion-corporal/truper-tapon-auditivo-desechable-pieza/p/0707100137,0707100137,herramientas,truper-tapon-auditivo-desechable-pieza
https://www.construrama.com/catalogo/herramientas/seguridad-industrial/proteccion-corporal/truper-camisa-azul-manga-corta-talla-extrachica-pieza/p/0707100141,0707100141,herramientas,truper-camisa-azul-manga-corta-talla-extrachica-pieza
https://www.construrama.com/catalogo/herramientas/seguridad-industrial/proteccion-corporal/guantes-de-carnaza-cortos-pieza/p/0707100136,0707100136,herramientas,guantes-de-carnaza-cortos-pieza
https://www.construrama.com/catalogo/herramientas/seguridad-industrial/proteccion-corporal/truper-camisa-azul-manga-corta-extraextragrande-pieza/p/0707100138,0707100138,herramientas,truper-camisa-azul-manga-corta-extraextragrande-pieza
https://www.construrama.com/catalogo/herramientas/seguridad-industrial/proteccion-corporal/truper-camisa-azul-manga-corta-talla-grande-pieza/p/0707100142,0707100142,herramientas,truper-camisa-azul-manga-corta-talla-grande-pieza
https://www.construrama.com/catalogo/herramientas/seguridad-industrial/proteccion-corporal/truper-camisa-azul-manga-corta-talla-chica-pieza/p/0707100140,0707100140,herramientas,truper-camisa-azul-manga-corta-talla-chica-pieza
https://www.construrama.com/catalogo/herramientas/seguridad-industrial/proteccion-corporal/truper-camisa-azul-manga-corta-talla-mediana-pieza/p/0707100143,0707100143,herramientas,truper-camisa-azul-manga-corta-talla-mediana-pieza
https://www.construrama.com/catalogo/herramientas/seguridad-industrial/proteccion-corporal/truper-camisa-azul-manga-corta-extragrande-pieza/p/0707100139,0707100139,herramientas,truper-camisa-azul-manga-corta-extragrande-pieza
https://www.construrama.com/catalogo/herramientas/seguridad-industrial/proteccion-corporal/truper-camisa-azul-manga-larga-extraextragrande-pieza/p/0707100144,0707100144,herramientas,truper-camisa-azul-manga-larga-extraextragrande-pieza
https://www.construrama.com/catalogo/herramientas/seguridad-industrial/proteccion-corporal/truper-camisa-azul-manga-larga-extragrande-pieza/p/0707100145,0707100145,herramientas,truper-camisa-azul-manga-larga-extragrande-pieza
https://www.construrama.com/catalogo/herramientas/seguridad-industrial/proteccion-corporal/truper-camisa-azul-manga-larga-talla-chica-pieza/p/0707100146,0707100146,herramientas,truper-camisa-azul-manga-larga-talla-chica-pieza
https://www.construrama.com/catalogo/herramientas/seguridad-industrial/proteccion-corporal/truper-camisa-azul-manga-larga-talla-grande-pieza/p/0707100147,0707100147,herramientas,truper-camisa-azul-manga-larga-talla-grande-pieza
https://www.construrama.com/catalogo/herramientas/seguridad-industrial/proteccion-corporal/truper-camisa-blanca-manga-corta-extraextragrande-pieza/p/0707100149,0707100149,herramientas,truper-camisa-blanca-manga-corta-extraextragrande-pieza
https://www.construrama.com/catalogo/herramientas/seguridad-industrial/proteccion-corporal/truper-camisa-azul-manga-larga-talla-mediana-pieza/p/0707100148,0707100148,herramientas,truper-camisa-azul-manga-larga-talla-mediana-pieza
https://www.construrama.com/catalogo/herramientas/seguridad-industrial/proteccion-corporal/truper-camisa-blanca-manga-corta-talla-extrachica-pieza/p/0707100152,0707100152,herramientas,truper-camisa-blanca-manga-corta-talla-extrachica-pieza
https://www.construrama.com/catalogo/herramientas/seguridad-industrial/proteccion-corporal/truper-camisa-blanca-manga-corta-talla-chica-pieza/p/0707100151,0707100151,herramientas,truper-camisa-blanca-manga-corta-talla-chica-pieza
https://www.construrama.com/catalogo/herramientas/seguridad-industrial/proteccion-corporal/truper-camisa-blanca-manga-corta-extragrande-pieza/p/0707100150,0707100150,herramientas,truper-camisa-blanca-manga-corta-extragrande-pieza
https://www.construrama.com/catalogo/herramientas/seguridad-industrial/proteccion-corporal/truper-camisa-blanca-manga-corta-talla-grande-pieza/p/0707100153,0707100153,herramientas,truper-camisa-blanca-manga-corta-talla-grande-pieza
https://www.construrama.com/catalogo/herramientas/seguridad-industrial/proteccion-corporal/truper-camisa-blanca-manga-corta-talla-mediana-pieza/p/0707100154,0707100154,herramientas,truper-camisa-blanca-manga-corta-talla-mediana-pieza
https://www.construrama.com/catalogo/herramientas/seguridad-industrial/proteccion-corporal/truper-camisa-blanca-manga-larga-extraextragrande-pieza/p/0707100155,0707100155,herramientas,truper-camisa-blanca-manga-larga-extraextragrande-pieza
https://www.construrama.com/catalogo/herramientas/seguridad-industrial/proteccion-corporal/truper-camisa-blanca-manga-larga-extragrande-pieza/p/0707100156,0707100156,herramientas,truper-camisa-blanca-manga-larga-extragrande-pieza
https://www.construrama.com/catalogo/herramientas/seguridad-industrial/proteccion-corporal/truper-camisa-blanca-manga-larga-talla-chica-pieza/p/0707100157,0707100157,herramientas,truper-camisa-blanca-manga-larga-talla-chica-pieza
https://www.construrama.com/catalogo/herramientas/seguridad-industrial/proteccion-corporal/truper-camisa-de-mezclilla-manga-corta-extragrande-pieza/p/0707100161,0707100161,herramientas,truper-camisa-de-mezclilla-manga-corta-extragrande-pieza
https://www.construrama.com/catalogo/herramientas/seguridad-industrial/proteccion-corporal/truper-camisa-blanca-manga-larga-talla-mediana-pieza/p/0707100159,0707100159,herramientas,truper-camisa-blanca-manga-larga-talla-mediana-pieza
https://www.construrama.com/catalogo/herramientas/seguridad-industrial/proteccion-corporal/truper-camisa-blanca-manga-larga-talla-grande-pieza/p/0707100158,0707100158,herramientas,truper-camisa-blanca-manga-larga-talla-grande-pieza
https://www.construrama.com/catalogo/herramientas/seguridad-industrial/proteccion-corporal/truper-camisa-de-mezclilla-manga-corta-extraextragrande-pieza/p/0707100160,0707100160,herramientas,truper-camisa-de-mezclilla-manga-corta-extraextragrande-pieza
https://www.construrama.com/catalogo/herramientas/seguridad-industrial/proteccion-corporal/truper-camisa-de-mezclilla-manga-corta-talla-chica-pieza/p/0707100162,0707100162,herramientas,truper-camisa-de-mezclilla-manga-corta-talla-chica-pieza
https://www.construrama.com/catalogo/herramientas/seguridad-industrial/proteccion-corporal/truper-camisa-de-mezclilla-manga-corta-talla-extrachica-pieza/p/0707100163,0707100163,herramientas,truper-camisa-de-mezclilla-manga-corta-talla-extrachica-pieza
https://www.construrama.com/catalogo/herramientas/seguridad-industrial/proteccion-corporal/truper-camisa-de-mezclilla-manga-corta-talla-grande-pieza/p/0707100164,0707100164,herramientas,truper-camisa-de-mezclilla-manga-corta-talla-grande-pieza
https://www.construrama.com/catalogo/herramientas/seguridad-industrial/proteccion-corporal/truper-camisa-de-mezclilla-manga-corta-talla-mediana-pieza/p/0707100165,0707100165,herramientas,truper-camisa-de-mezclilla-manga-corta-talla-mediana-pieza
https://www.construrama.com/catalogo/herramientas/seguridad-industrial/proteccion-corporal/truper-camisa-de-mezclilla-manga-larga-extraextragrande-pieza/p/0707100166,0707100166,herramientas,truper-camisa-de-mezclilla-manga-larga-extraextragrande-pieza
https://www.construrama.com/catalogo/herramientas/seguridad-industrial/proteccion-corporal/truper-camisa-de-mezclilla-manga-larga-extragrande-pieza/p/0707100167,0707100167,herramientas,truper-camisa-de-mezclilla-manga-larga-extragrande-pieza
https://www.construrama.com/catalogo/herramientas/seguridad-industrial/proteccion-corporal/truper-camisa-de-mezclilla-manga-larga-talla-chica-pieza/p/0707100168,0707100168,herramientas,truper-camisa-de-mezclilla-manga-larga-talla-chica-pieza
https://www.construrama.com/catalogo/herramientas/seguridad-industrial/proteccion-corporal/truper-camisa-de-mezclilla-manga-larga-talla-grande-pieza/p/0707100169,0707100169,herramientas,truper-camisa-de-mezclilla-manga-larga-talla-grande-pieza
https://www.construrama.com/catalogo/herramientas/seguridad-industrial/proteccion-corporal/truper-careta-electronica-para-soldar-modelo-aguila-pieza/p/0707100171,0707100171,herramientas,truper-careta-electronica-para-soldar-modelo-aguila-pieza
https://www.construrama.com/catalogo/herramientas/seguridad-industrial/proteccion-corporal/truper-camisa-de-mezclilla-manga-larga-talla-mediana-pieza/p/0707100170,0707100170,herramientas,truper-camisa-de-mezclilla-manga-larga-talla-mediana-pieza
https://www.construrama.com/catalogo/herramientas/seguridad-industrial/proteccion-corporal/truper-careta-electronica-para-soldar-modelo-flamas-pieza/p/0707100172,0707100172,herramientas,truper-careta-electronica-para-soldar-modelo-flamas-pieza
https://www.construrama.com/catalogo/herramientas/seguridad-industrial/proteccion-corporal/truper-careta-electronica-para-soldar-modelo-fuego-pieza/p/0707100173,0707100173,herramientas,truper-careta-electronica-para-soldar-modelo-fuego-pieza
https://www.construrama.com/catalogo/herramientas/seguridad-industrial/proteccion-corporal/truper-careta-electronica-para-soldar-sombra-9-a-13-pieza/p/0707100174,0707100174,herramientas,truper-careta-electronica-para-soldar-sombra-9-a-13-pieza
https://www.construrama.com/catalogo/herramientas/seguridad-industrial/proteccion-corporal/truper-lentes-de-seguridad-con-led-pieza/p/0707100175,0707100175,herramientas,truper-lentes-de-seguridad-con-led-pieza
https://www.construrama.com/catalogo/herramientas/seguridad-industrial/proteccion-corporal/truper-lentes-de-seguridad-ligeros-ambar-intrepid-pieza/p/0707100179,0707100179,herramientas,truper-lentes-de-seguridad-ligeros-ambar-intrepid-pieza
https://www.construrama.com/catalogo/herramientas/seguridad-industrial/proteccion-corporal/truper-lentes-de-seguridad-ligeros-con-marco-gris-intrepid-pieza/p/0707100176,0707100176,herramientas,truper-lentes-de-seguridad-ligeros-con-marco-gris-intrepid-pieza
https://www.construrama.com/catalogo/herramientas/seguridad-industrial/proteccion-corporal/truper-lentes-de-seguridad-ligeros-espejo-azul-intrepid-pieza/p/0707100180,0707100180,herramientas,truper-lentes-de-seguridad-ligeros-espejo-azul-intrepid-pieza
https://www.construrama.com/catalogo/herramientas/seguridad-industrial/proteccion-corporal/truper-lentes-de-seguridad-ligeros-con-marco-azul-intrepid-pieza/p/0707100177,0707100177,herramientas,truper-lentes-de-seguridad-ligeros-con-marco-azul-intrepid-pieza
https://www.construrama.com/catalogo/herramientas/seguridad-industrial/proteccion-corporal/truper-lentes-de-seguridad-ligeros-con-marco-transparente-intrepid-pieza/p/0707100178,0707100178,herramientas,truper-lentes-de-seguridad-ligeros-con-marco-transparente-intrepid-pieza
https://www.construrama.com/catalogo/herramientas/seguridad-industrial/proteccion-corporal/truper-lentes-de-seguridad-ligeros-espejo-plata-intrepid-pieza/p/0707100181,0707100181,herramientas,truper-lentes-de-seguridad-ligeros-espejo-plata-intrepid-pieza
https://www.construrama.com/catalogo/herramientas/seguridad-industrial/proteccion-corporal/truper-lentes-de-seguridad-ligeros-verde-intrepid-pieza/p/0707100182,0707100182,herramientas,truper-lentes-de-seguridad-ligeros-verde-intrepid-pieza
https://www.construrama.com/catalogo/herramientas/seguridad-industrial/proteccion-corporal/truper-lentes-de-seguridad-ambar-ultralite-pieza/p/0707100183,0707100183,herramientas,truper-lentes-de-seguridad-ambar-ultralite-pieza
https://www.construrama.com/catalogo/herramientas/seguridad-industrial/proteccion-corporal/truper-botas-industriales-29-pieza/p/0707100188,0707100188,herramientas,truper-botas-industriales-29-pieza
https://www.construrama.com/catalogo/herramientas/seguridad-industrial/proteccion-corporal/truper-botas-industriales-30-pieza/p/0707100189,0707100189,herramientas,truper-botas-industriales-30-pieza
https://www.construrama.com/catalogo/herramientas/seguridad-industrial/proteccion-corporal/truper-lentes-de-seguridad-espejo-azul-ultralite-pieza/p/0707100185,0707100185,herramientas,truper-lentes-de-seguridad-espejo-azul-ultralite-pieza
https://www.construrama.com/catalogo/herramientas/seguridad-industrial/proteccion-corporal/truper-lentes-de-seguridad-azul-ultralite-pieza/p/0707100184,0707100184,herramientas,truper-lentes-de-seguridad-azul-ultralite-pieza
https://www.construrama.com/catalogo/herramientas/seguridad-industrial/proteccion-corporal/truper-lentes-de-seguridad-espejo-plata-ultralite-pieza/p/0707100186,0707100186,herramientas,truper-lentes-de-seguridad-espejo-plata-ultralite-pieza
https://www.construrama.com/catalogo/herramientas/seguridad-industrial/proteccion-corporal/truper-lentes-de-seguridad-verde-ultralite-pieza/p/0707100187,0707100187,herramientas,truper-lentes-de-seguridad-verde-ultralite-pieza
https://www.construrama.com/catalogo/herramientas/seguridad-industrial/proteccion-corporal/truper-botas-sanitarias-25-pieza/p/0707100191,0707100191,herramientas,truper-botas-sanitarias-25-pieza
https://www.construrama.com/catalogo/herramientas/seguridad-industrial/proteccion-corporal/truper-botas-sanitarias-30-pieza/p/0707100190,0707100190,herramientas,truper-botas-sanitarias-30-pieza
https://www.construrama.com/catalogo/herramientas/seguridad-industrial/proteccion-corporal/truper-cable-de-proteccion-con-2-ganchos-15-m-pieza/p/0707100192,0707100192,herramientas,truper-cable-de-proteccion-con-2-ganchos-15-m-pieza
https://www.construrama.com/catalogo/herramientas/seguridad-industrial/proteccion-corporal/truper-cable-de-proteccion-con-2-ganchos-15-m-certificacion-ansi-pieza/p/0707100193,0707100193,herramientas,truper-cable-de-proteccion-con-2-ganchos-15-m-certificacion-ansi-pieza
https://www.construrama.com/catalogo/herramientas/seguridad-industrial/proteccion-corporal/truper-cable-de-proteccion-con-2-ganchos-18-m-certificacion-ansi-pieza/p/0707100194,0707100194,herramientas,truper-cable-de-proteccion-con-2-ganchos-18-m-certificacion-ansi-pieza
https://www.construrama.com/catalogo/herramientas/seguridad-industrial/proteccion-corporal/truper-cable-de-proteccion-con-2-ganchos-2-m-pieza/p/0707100195,0707100195,herramientas,truper-cable-de-proteccion-con-2-ganchos-2-m-pieza
https://www.construrama.com/catalogo/herramientas/seguridad-industrial/proteccion-corporal/truper-cable-de-proteccion-con-2-ganchos-2-m-certificacion-ansi-pieza/p/0707100196,0707100196,herramientas,truper-cable-de-proteccion-con-2-ganchos-2-m-certificacion-ansi-pieza
https://www.construrama.com/catalogo/herramientas/seguridad-industrial/proteccion-corporal/truper-conjunto-impermeable-con-reflejante-amarillo-talla-g-pvc-pieza/p/0707100199,0707100199,herramientas,truper-conjunto-impermeable-con-reflejante-amarillo-talla-g-pvc-pieza
https://www.construrama.com/catalogo/herramientas/seguridad-industrial/proteccion-corporal/truper-conjunto-impermeable-con-reflejante-amarillo-talla-chica-pvc-pieza/p/0707100197,0707100197,herramientas,truper-conjunto-impermeable-con-reflejante-amarillo-talla-chica-pvc-pieza
https://www.construrama.com/catalogo/herramientas/seguridad-industrial/proteccion-corporal/truper-conjunto-impermeable-con-reflejante-amarillo-talla-eg-pvc-pieza/p/0707100198,0707100198,herramientas,truper-conjunto-impermeable-con-reflejante-amarillo-talla-eg-pvc-pieza
https://www.construrama.com/catalogo/herramientas/seguridad-industrial/proteccion-corporal/truper-conjunto-impermeable-con-reflejante-amarillo-talla-m-pvc-pieza/p/0707100200,0707100200,herramientas,truper-conjunto-impermeable-con-reflejante-amarillo-talla-m-pvc-pieza
https://www.construrama.com/catalogo/herramientas/seguridad-industrial/proteccion-corporal/truper-conjunto-impermeable-con-reflejante-naranja-talla-chica-pvc-pieza/p/0707100201,0707100201,herramientas,truper-conjunto-impermeable-con-reflejante-naranja-talla-chica-pvc-pieza
https://www.construrama.com/catalogo/herramientas/seguridad-industrial/proteccion-corporal/truper-conjunto-impermeable-con-reflejante-naranja-talla-eg-pvc-pieza/p/0707100202,0707100202,herramientas,truper-conjunto-impermeable-con-reflejante-naranja-talla-eg-pvc-pieza
https://www.construrama.com/catalogo/herramientas/seguridad-industrial/proteccion-corporal/truper-conjunto-impermeable-con-reflejante-naranja-talla-m-pvc-pieza/p/0707100204,0707100204,herramientas,truper-conjunto-impermeable-con-reflejante-naranja-talla-m-pvc-pieza
https://www.construrama.com/catalogo/herramientas/seguridad-industrial/proteccion-corporal/truper-conjunto-impermeable-con-reflejante-naranja-talla-g-pvc-pieza/p/0707100203,0707100203,herramientas,truper-conjunto-impermeable-con-reflejante-naranja-talla-g-pvc-pieza
https://www.construrama.com/catalogo/herramientas/seguridad-industrial/proteccion-corporal/truper-eslinga-de-2-x-8m-pieza/p/0707100209,0707100209,herramientas,truper-eslinga-de-2-x-8m-pieza
https://www.construrama.com/catalogo/herramientas/seguridad-industrial/proteccion-corporal/truper-conjunto-impermeable-talla-chica-pvc-pieza/p/0707100205,0707100205,herramientas,truper-conjunto-impermeable-talla-chica-pvc-pieza
https://www.construrama.com/catalogo/herramientas/seguridad-industrial/proteccion-corporal/truper-conjunto-impermeable-talla-extra-g-pvc-pieza/p/0707100206,0707100206,herramientas,truper-conjunto-impermeable-talla-extra-g-pvc-pieza
https://www.construrama.com/catalogo/herramientas/seguridad-industrial/proteccion-corporal/truper-eslinga-de-2x-4m-pieza/p/0707100210,0707100210,herramientas,truper-eslinga-de-2x-4m-pieza
https://www.construrama.com/catalogo/herramientas/seguridad-industrial/proteccion-corporal/truper-eslinga-de-2-x-10m-pieza/p/0707100207,0707100207,herramientas,truper-eslinga-de-2-x-10m-pieza
https://www.construrama.com/catalogo/herramientas/seguridad-industrial/proteccion-corporal/truper-eslinga-de-2-x-6m-pieza/p/0707100208,0707100208,herramientas,truper-eslinga-de-2-x-6m-pieza
https://www.construrama.com/catalogo/herramientas/seguridad-industrial/proteccion-corporal/truper-eslinga-de-3-x-10m-pieza/p/0707100211,0707100211,herramientas,truper-eslinga-de-3-x-10m-pieza
https://www.construrama.com/catalogo/herramientas/seguridad-industrial/proteccion-corporal/truper-eslinga-de-3-x-4m-pieza/p/0707100212,0707100212,herramientas,truper-eslinga-de-3-x-4m-pieza
https://www.construrama.com/catalogo/herramientas/seguridad-industrial/proteccion-corporal/truper-eslinga-de-3-x-8m-pieza/p/0707100214,0707100214,herramientas,truper-eslinga-de-3-x-8m-pieza
https://www.construrama.com/catalogo/herramientas/seguridad-industrial/proteccion-corporal/truper-eslinga-de-3-x-6m-pieza/p/0707100213,0707100213,herramientas,truper-eslinga-de-3-x-6m-pieza
https://www.construrama.com/catalogo/herramientas/seguridad-industrial/proteccion-corporal/truper-eslinga-de-4-x-10m-pieza/p/0707100215,0707100215,herramientas,truper-eslinga-de-4-x-10m-pieza
https://www.construrama.com/catalogo/herramientas/seguridad-industrial/proteccion-corporal/truper-overol-desechable-talla-extragrande-pieza/p/0707100222,0707100222,herramientas,truper-overol-desechable-talla-extragrande-pieza
https://www.construrama.com/catalogo/herramientas/seguridad-industrial/proteccion-corporal/truper-eslinga-de-4-x-4m-pieza/p/0707100216,0707100216,herramientas,truper-eslinga-de-4-x-4m-pieza
https://www.construrama.com/catalogo/herramientas/seguridad-industrial/proteccion-corporal/truper-eslinga-de-4-x-6m-pieza/p/0707100217,0707100217,herramientas,truper-eslinga-de-4-x-6m-pieza
https://www.construrama.com/catalogo/herramientas/seguridad-industrial/proteccion-corporal/truper-overol-desechable-talla-grande-pieza/p/0707100223,0707100223,herramientas,truper-overol-desechable-talla-grande-pieza
https://www.construrama.com/catalogo/herramientas/seguridad-industrial/proteccion-corporal/truper-eslinga-de-4-x-8m-pieza/p/0707100218,0707100218,herramientas,truper-eslinga-de-4-x-8m-pieza
https://www.construrama.com/catalogo/herramientas/seguridad-industrial/proteccion-corporal/truper-overol-desechable-talla-chica-pieza/p/0707100221,0707100221,herramientas,truper-overol-desechable-talla-chica-pieza
https://www.construrama.com/catalogo/herramientas/seguridad-industrial/proteccion-corporal/truper-overol-desechable-talla-mediana-pieza/p/0707100224,0707100224,herramientas,truper-overol-desechable-talla-mediana-pieza
https://www.construrama.com/catalogo/herramientas/seguridad-industrial/proteccion-corporal/truper-playera-polo-azul-para-dama-talla-ch-pieza/p/0707100225,0707100225,herramientas,truper-playera-polo-azul-para-dama-talla-ch-pieza
https://www.construrama.com/catalogo/herramientas/seguridad-industrial/proteccion-corporal/truper-playera-polo-azul-para-dama-talla-g-pieza/p/0707100226,0707100226,herramientas,truper-playera-polo-azul-para-dama-talla-g-pieza
https://www.construrama.com/catalogo/herramientas/seguridad-industrial/proteccion-corporal/truper-playera-polo-blanca-para-dama-talla-ch-pieza/p/0707100228,0707100228,herramientas,truper-playera-polo-blanca-para-dama-talla-ch-pieza
https://www.construrama.com/catalogo/herramientas/seguridad-industrial/proteccion-corporal/truper-playera-polo-azul-para-dama-talla-m-pieza/p/0707100227,0707100227,herramientas,truper-playera-polo-azul-para-dama-talla-m-pieza
https://www.construrama.com/catalogo/herramientas/seguridad-industrial/proteccion-corporal/truper-playera-polo-blanca-para-dama-talla-g-pieza/p/0707100229,0707100229,herramientas,truper-playera-polo-blanca-para-dama-talla-g-pieza
https://www.construrama.com/catalogo/herramientas/seguridad-industrial/proteccion-corporal/truper-playera-polo-blanca-para-dama-talla-m-pieza/p/0707100230,0707100230,herramientas,truper-playera-polo-blanca-para-dama-talla-m-pieza
https://www.construrama.com/catalogo/herramientas/seguridad-industrial/proteccion-corporal/truper-playera-polo-naranja-para-dama-talla-ch-pieza/p/0707100231,0707100231,herramientas,truper-playera-polo-naranja-para-dama-talla-ch-pieza
https://www.construrama.com/catalogo/herramientas/seguridad-industrial/proteccion-corporal/truper-playera-polo-naranja-para-dama-talla-g-pieza/p/0707100232,0707100232,herramientas,truper-playera-polo-naranja-para-dama-talla-g-pieza
https://www.construrama.com/catalogo/herramientas/seguridad-industrial/proteccion-corporal/truper-playera-tipo-polo-azul-talla-ch-pieza/p/0707100234,0707100234,herramientas,truper-playera-tipo-polo-azul-talla-ch-pieza
https://www.construrama.com/catalogo/herramientas/seguridad-industrial/proteccion-corporal/truper-playera-polo-naranja-para-dama-talla-m-pieza/p/0707100233,0707100233,herramientas,truper-playera-polo-naranja-para-dama-talla-m-pieza
https://www.construrama.com/catalogo/herramientas/seguridad-industrial/proteccion-corporal/truper-playera-tipo-polo-azul-talla-g-pieza/p/0707100235,0707100235,herramientas,truper-playera-tipo-polo-azul-talla-g-pieza
https://www.construrama.com/catalogo/herramientas/seguridad-industrial/proteccion-corporal/truper-playera-tipo-polo-azul-talla-xxg-pieza/p/0707100238,0707100238,herramientas,truper-playera-tipo-polo-azul-talla-xxg-pieza
https://www.construrama.com/catalogo/herramientas/seguridad-industrial/proteccion-corporal/truper-playera-tipo-polo-azul-talla-m-pieza/p/0707100236,0707100236,herramientas,truper-playera-tipo-polo-azul-talla-m-pieza
https://www.construrama.com/catalogo/otros-materiales/sistemas-de-construccion-ligera/panel-de-yeso/panel-rey-panel-de-yeso-regular-38-122x244m-pieza/p/0304030009,0304030009,otros-materiales,panel-rey-panel-de-yeso-regular-38-122x244m-pieza
https://www.construrama.com/catalogo/otros-materiales/sistemas-de-construccion-ligera/panel-de-yeso/panel-rey-panel-de-yeso-rh-12-122x244m-pieza/p/0304030010,0304030010,otros-materiales,panel-rey-panel-de-yeso-rh-12-122x244m-pieza
https://www.construrama.com/catalogo/otros-materiales/sistemas-de-construccion-ligera/panel-de-yeso/poste-metalico-2-12-x-244m-cal-26-pieza/p/0304030011,0304030011,otros-materiales,poste-metalico-2-12-x-244m-cal-26-pieza
https://www.construrama.com/catalogo/otros-materiales/sistemas-de-construccion-ligera/panel-de-yeso/poste-metalico-2-12-x-305m-cal-26-pieza/p/0304030012,0304030012,otros-materiales,poste-metalico-2-12-x-305m-cal-26-pieza
https://www.construrama.com/catalogo/otros-materiales/sistemas-de-construccion-ligera/tubos-para-cimbra/cantubo-tubo-carton-para-cimbra-15-cm-pieza/p/0304040001,0304040001,otros-materiales,cantubo-tubo-carton-para-cimbra-15-cm-pieza
https://www.construrama.com/catalogo/otros-materiales/sistemas-de-construccion-ligera/tubos-para-cimbra/corepack-tubo-carton-para-cimbra-20-cm-pieza/p/0304040002,0304040002,otros-materiales,corepack-tubo-carton-para-cimbra-20-cm-pieza
https://www.construrama.com/catalogo/otros-materiales/sistemas-de-construccion-ligera/tubos-para-cimbra/tubo-carton-para-cimbra-20-cm-pieza/p/0304040003,0304040003,otros-materiales,tubo-carton-para-cimbra-20-cm-pieza
https://www.construrama.com/catalogo/otros-materiales/sistemas-de-construccion-ligera/tubos-para-cimbra/cantubo-tubo-carton-para-cimbra-20-cm-pieza/p/0304040004,0304040004,otros-materiales,cantubo-tubo-carton-para-cimbra-20-cm-pieza
https://www.construrama.com/catalogo/otros-materiales/sistemas-de-construccion-ligera/tubos-para-cimbra/tubo-carton-para-cimbra-25-cm-pieza/p/0304040005,0304040005,otros-materiales,tubo-carton-para-cimbra-25-cm-pieza
https://www.construrama.com/catalogo/otros-materiales/sistemas-de-construccion-ligera/tubos-para-cimbra/cantubo-tubo-carton-para-cimbra-25-cm-pieza/p/0304040006,0304040006,otros-materiales,cantubo-tubo-carton-para-cimbra-25-cm-pieza
https://www.construrama.com/catalogo/otros-materiales/sistemas-de-construccion-ligera/tubos-para-cimbra/tubo-carton-para-cimbra-30-cm-pieza/p/0304040007,0304040007,otros-materiales,tubo-carton-para-cimbra-30-cm-pieza
https://www.construrama.com/catalogo/otros-materiales/sistemas-de-construccion-ligera/tubos-para-cimbra/cantubo-tubo-carton-para-cimbra-30-cm-pieza/p/0304040008,0304040008,otros-materiales,cantubo-tubo-carton-para-cimbra-30-cm-pieza
https://www.construrama.com/catalogo/otros-materiales/sistemas-de-construccion-ligera/tubos-para-cimbra/corepack-tubo-carton-para-cimbra-35-cm-pieza/p/0304040009,0304040009,otros-materiales,corepack-tubo-carton-para-cimbra-35-cm-pieza
https://www.construrama.com/catalogo/otros-materiales/sistemas-de-construccion-ligera/tubos-para-cimbra/tubo-carton-para-cimbra-35-cm-pieza/p/0304040010,0304040010,otros-materiales,tubo-carton-para-cimbra-35-cm-pieza
https://www.construrama.com/catalogo/otros-materiales/sistemas-de-construccion-ligera/tubos-para-cimbra/cantubo-tubo-carton-para-cimbra-35-cm-pieza/p/0304040011,0304040011,otros-materiales,cantubo-tubo-carton-para-cimbra-35-cm-pieza
https://www.construrama.com/catalogo/otros-materiales/sistemas-de-construccion-ligera/tubos-para-cimbra/cantubo-tubo-carton-para-cimbra-40-cm-pieza/p/0304040012,0304040012,otros-materiales,cantubo-tubo-carton-para-cimbra-40-cm-pieza
https://www.construrama.com/catalogo/otros-materiales/sistemas-de-construccion-ligera/tubos-para-cimbra/tubo-carton-para-cimbra-40-cm-pieza/p/0304040013,0304040013,otros-materiales,tubo-carton-para-cimbra-40-cm-pieza
https://www.construrama.com/catalogo/otros-materiales/sistemas-de-construccion-ligera/tubos-para-cimbra/cantubo-tubo-carton-para-cimbra-40-cm-pieza/p/0304040014,0304040014,otros-materiales,cantubo-tubo-carton-para-cimbra-40-cm-pieza
https://www.construrama.com/catalogo/otros-materiales/sistemas-de-construccion-ligera/tubos-para-cimbra/tubo-carton-para-cimbra-45-cm-pieza/p/0304040015,0304040015,otros-materiales,tubo-carton-para-cimbra-45-cm-pieza
https://www.construrama.com/catalogo/otros-materiales/sistemas-de-construccion-ligera/tubos-para-cimbra/tubo-carton-para-cimbra-50-cm-pieza/p/0304040016,0304040016,otros-materiales,tubo-carton-para-cimbra-50-cm-pieza
https://www.construrama.com/catalogo/otros-materiales/sistemas-de-construccion-ligera/tubos-para-cimbra/tubo-carton-para-cimbra-60-cm-pieza/p/0304040017,0304040017,otros-materiales,tubo-carton-para-cimbra-60-cm-pieza
https://www.construrama.com/catalogo/otros-materiales/sistemas-de-construccion-ligera/tubos-para-cimbra/tubo-carton-para-cimbra-70-cm-pieza/p/0304040018,0304040018,otros-materiales,tubo-carton-para-cimbra-70-cm-pieza
https://www.construrama.com/catalogo/acabados/muros-y-cielos/color-para-cemento/perdura-duracolor-amarillo-800-gr-caja/p/0401010001,0401010001,acabados,perdura-duracolor-amarillo-800-gr-caja
https://www.construrama.com/catalogo/acabados/muros-y-cielos/color-para-cemento/perdura-duracolor-azul-ultramar-800-gr-caja/p/0401010002,0401010002,acabados,perdura-duracolor-azul-ultramar-800-gr-caja
https://www.construrama.com/catalogo/acabados/muros-y-cielos/color-para-cemento/perdura-duracolor-cafe-800-gr-caja/p/0401010003,0401010003,acabados,perdura-duracolor-cafe-800-gr-caja
https://www.construrama.com/catalogo/acabados/muros-y-cielos/color-para-cemento/perdura-duracolor-negro-800-gr-caja/p/0401010004,0401010004,acabados,perdura-duracolor-negro-800-gr-caja
https://www.construrama.com/catalogo/acabados/muros-y-cielos/color-para-cemento/perdura-duracolor-rojo-800-gr-caja/p/0401010005,0401010005,acabados,perdura-duracolor-rojo-800-gr-caja
https://www.construrama.com/catalogo/acabados/muros-y-cielos/color-para-cemento/perdura-duracolor-verde-aquasol-800-gr-caja/p/0401010006,0401010006,acabados,perdura-duracolor-verde-aquasol-800-gr-caja
https://www.construrama.com/catalogo/acabados/muros-y-cielos/estucos-y-texturas/bexel-estuco-monocapa-paja-40-kg-saco/p/0401020001,0401020001,acabados,bexel-estuco-monocapa-paja-40-kg-saco
https://www.construrama.com/catalogo/acabados/muros-y-cielos/estucos-y-texturas/bexel-estuco-unicapa-politech-blanco-2-kg-saco/p/0401020002,0401020002,acabados,bexel-estuco-unicapa-politech-blanco-2-kg-saco
https://www.construrama.com/catalogo/acabados/muros-y-cielos/estucos-y-texturas/bexel-estuco-unicapa-politech-blanco-40-kg-saco/p/0401020003,0401020003,acabados,bexel-estuco-unicapa-politech-blanco-40-kg-saco
https://www.construrama.com/catalogo/acabados/muros-y-cielos/estucos-y-texturas/sika-estuka-acrilico-f-27-kg-cubeta/p/0401020004,0401020004,acabados,sika-estuka-acrilico-f-27-kg-cubeta
https://www.construrama.com/catalogo/acabados/muros-y-cielos/estucos-y-texturas/sika-estuka-acrilico-m-29-kg-cubeta/p/0401020005,0401020005,acabados,sika-estuka-acrilico-m-29-kg-cubeta
https://www.construrama.com/catalogo/acabados/muros-y-cielos/estucos-y-texturas/perdura-stuccolor-blanco-mediterraneo-20-kg-saco/p/0401020006,0401020006,acabados,perdura-stuccolor-blanco-mediterraneo-20-kg-saco
https://www.construrama.com/catalogo/acabados/muros-y-cielos/estucos-y-texturas/perdura-stuccolor-navajo-white-20-kg-saco/p/0401020007,0401020007,acabados,perdura-stuccolor-navajo-white-20-kg-saco
https://www.construrama.com/catalogo/acabados/muros-y-cielos/estucos-y-texturas/perdura-stuccolor-obra-40-kg-saco/p/0401020008,0401020008,acabados,perdura-stuccolor-obra-40-kg-saco
https://www.construrama.com/catalogo/acabados/muros-y-cielos/estucos-y-texturas/pegaduro-texturizado-blanco-20-kg-saco/p/0401020009,0401020009,acabados,pegaduro-texturizado-blanco-20-kg-saco
https://www.construrama.com/catalogo/acabados/muros-y-cielos/yeso/gyproc-yeso-supremo-40-kg-saco/p/0401040001,0401040001,acabados,gyproc-yeso-supremo-40-kg-saco
https://www.construrama.com/catalogo/acabados/muros-y-cielos/yeso/gyproc-yeso-unibasico-verde-40-kg-saco/p/0401040002,0401040002,acabados,gyproc-yeso-unibasico-verde-40-kg-saco
https://www.construrama.com/catalogo/acabados/muros-y-cielos/yeso/gryproc-yeso-unicrea-rojo-40-kg-saco/p/0401040003,0401040003,acabados,gryproc-yeso-unicrea-rojo-40-kg-saco
https://www.construrama.com/catalogo/acabados/pisos/adhesivos-y-boquillas/perdura-adhesivo-adecon-blanco-20-kg-saco/p/0402010001,0402010001,acabados,perdura-adhesivo-adecon-blanco-20-kg-saco
https://www.construrama.com/catalogo/acabados/pisos/adhesivos-y-boquillas/perdura-adhesivo-adecon-gris-20-kg-saco/p/0402010002,0402010002,acabados,perdura-adhesivo-adecon-gris-20-kg-saco
https://www.construrama.com/catalogo/acabados/muros-y-cielos/yeso/yeso-uniplus-naranja-40-kg-saco/p/0401040004,0401040004,acabados,yeso-uniplus-naranja-40-kg-saco
https://www.construrama.com/catalogo/acabados/pisos/adhesivos-y-boquillas/perdura-pega-azulejo-adhesivo-blanco-papel-20-kg-saco/p/0402010003,0402010003,acabados,perdura-pega-azulejo-adhesivo-blanco-papel-20-kg-saco
https://www.construrama.com/catalogo/acabados/pisos/adhesivos-y-boquillas/bexel-adhesivo-pasta-blanca-blanco-20-kg-saco/p/0402010004,0402010004,acabados,bexel-adhesivo-pasta-blanca-blanco-20-kg-saco
https://www.construrama.com/catalogo/acabados/pisos/adhesivos-y-boquillas/bexel-adhesivo-pegamarmol-pasta-blanca-blanco-20-kg-saco/p/0402010005,0402010005,acabados,bexel-adhesivo-pegamarmol-pasta-blanca-blanco-20-kg-saco
https://www.construrama.com/catalogo/acabados/pisos/adhesivos-y-boquillas/bexel-adhesivo-pegarey-blanco-20-kg-saco/p/0402010006,0402010006,acabados,bexel-adhesivo-pegarey-blanco-20-kg-saco
https://www.construrama.com/catalogo/acabados/pisos/adhesivos-y-boquillas/bexel-adhesivo-pegarey-gris-20-kg-saco/p/0402010007,0402010007,acabados,bexel-adhesivo-pegarey-gris-20-kg-saco
https://www.construrama.com/catalogo/acabados/pisos/adhesivos-y-boquillas/bexel-adhesivo-solucion-total-blanco-2-kg-saco/p/0402010008,0402010008,acabados,bexel-adhesivo-solucion-total-blanco-2-kg-saco
https://www.construrama.com/catalogo/acabados/pisos/adhesivos-y-boquillas/bexel-adhesivo-solucion-total-blanco-20-kg-saco/p/0402010009,0402010009,acabados,bexel-adhesivo-solucion-total-blanco-20-kg-saco
https://www.construrama.com/catalogo/acabados/pisos/adhesivos-y-boquillas/bexel-adhesivo-solucion-total-gris-20-kg-saco/p/0402010010,0402010010,acabados,bexel-adhesivo-solucion-total-gris-20-kg-saco
https://www.construrama.com/catalogo/acabados/pisos/adhesivos-y-boquillas/bexel-boquilla-sanson-beige-10-kg-saco/p/0402010011,0402010011,acabados,bexel-boquilla-sanson-beige-10-kg-saco
https://www.construrama.com/catalogo/acabados/pisos/adhesivos-y-boquillas/bexel-boquilla-sanson-negro-10-kg-saco/p/0402010012,0402010012,acabados,bexel-boquilla-sanson-negro-10-kg-saco
https://www.construrama.com/catalogo/acabados/pisos/adhesivos-y-boquillas/bexel-junta-pasta-blanca-beige-5-kg-saco/p/0402010013,0402010013,acabados,bexel-junta-pasta-blanca-beige-5-kg-saco
https://www.construrama.com/catalogo/acabados/pisos/adhesivos-y-boquillas/bexel-junta-pasta-blanca-gris-plata-5-kg-saco/p/0402010014,0402010014,acabados,bexel-junta-pasta-blanca-gris-plata-5-kg-saco
https://www.construrama.com/catalogo/acabados/pisos/adhesivos-y-boquillas/bexel-junta-pasta-blanca-terracota-5-kg-saco/p/0402010015,0402010015,acabados,bexel-junta-pasta-blanca-terracota-5-kg-saco
https://www.construrama.com/catalogo/acabados/pisos/adhesivos-y-boquillas/pegaduro-junteador-con-arena-cafe-10-kg-saco/p/0402010016,0402010016,acabados,pegaduro-junteador-con-arena-cafe-10-kg-saco
https://www.construrama.com/catalogo/acabados/pisos/adhesivos-y-boquillas/pegaduro-junteador-con-sellador-gris-obscuro-10-kg-saco/p/0402010017,0402010017,acabados,pegaduro-junteador-con-sellador-gris-obscuro-10-kg-saco
https://www.construrama.com/catalogo/acabados/pisos/adhesivos-y-boquillas/perdura-junteador-con-sellador-beige-10-kg-saco/p/0402010019,0402010019,acabados,perdura-junteador-con-sellador-beige-10-kg-saco
https://www.construrama.com/catalogo/acabados/pisos/adhesivos-y-boquillas/perdura-junteador-con-sellador-arena-10-kg-saco/p/0402010018,0402010018,acabados,perdura-junteador-con-sellador-arena-10-kg-saco
https://www.construrama.com/catalogo/acabados/pisos/adhesivos-y-boquillas/perdura-junteador-con-sellador-blanco-10-kg-saco/p/0402010020,0402010020,acabados,perdura-junteador-con-sellador-blanco-10-kg-saco
https://www.construrama.com/catalogo/acabados/pisos/adhesivos-y-boquillas/perdura-junteador-con-sellador-caoba-10-kg-saco/p/0402010021,0402010021,acabados,perdura-junteador-con-sellador-caoba-10-kg-saco
https://www.construrama.com/catalogo/acabados/pisos/adhesivos-y-boquillas/perdura-junteador-con-sellador-capuchino-10-kg-saco/p/0402010022,0402010022,acabados,perdura-junteador-con-sellador-capuchino-10-kg-saco
https://www.construrama.com/catalogo/acabados/pisos/adhesivos-y-boquillas/perdura-junteador-con-sellador-chocolate-10-kg-saco/p/0402010023,0402010023,acabados,perdura-junteador-con-sellador-chocolate-10-kg-saco
https://www.construrama.com/catalogo/acabados/pisos/adhesivos-y-boquillas/perdura-junteador-con-sellador-gris-10-kg-saco/p/0402010024,0402010024,acabados,perdura-junteador-con-sellador-gris-10-kg-saco
https://www.construrama.com/catalogo/acabados/pisos/adhesivos-y-boquillas/perdura-junteador-con-sellador-marfil-10-kg-saco/p/0402010025,0402010025,acabados,perdura-junteador-con-sellador-marfil-10-kg-saco
https://www.construrama.com/catalogo/acabados/pisos/adhesivos-y-boquillas/perdura-junteador-con-sellador-negro-10-kg-saco/p/0402010026,0402010026,acabados,perdura-junteador-con-sellador-negro-10-kg-saco
https://www.construrama.com/catalogo/acabados/pisos/adhesivos-y-boquillas/perdura-junteador-con-sellador-platino-10-kg-saco/p/0402010027,0402010027,acabados,perdura-junteador-con-sellador-platino-10-kg-saco
https://www.construrama.com/catalogo/acabados/pisos/adhesivos-y-boquillas/perdura-junteador-con-sellador-rojo-10-kg-saco/p/0402010028,0402010028,acabados,perdura-junteador-con-sellador-rojo-10-kg-saco
https://www.construrama.com/catalogo/acabados/pisos/adhesivos-y-boquillas/perdura-junteador-con-sellador-verde-10-kg-saco/p/0402010029,0402010029,acabados,perdura-junteador-con-sellador-verde-10-kg-saco
https://www.construrama.com/catalogo/acabados/pisos/adhesivos-y-boquillas/perdura-junteador-sin-arena-agave-5-kg-caja/p/0402010030,0402010030,acabados,perdura-junteador-sin-arena-agave-5-kg-caja
https://www.construrama.com/catalogo/acabados/pisos/adhesivos-y-boquillas/perdura-junteador-sin-arena-almendra-5-kg-caja/p/0402010031,0402010031,acabados,perdura-junteador-sin-arena-almendra-5-kg-caja
https://www.construrama.com/catalogo/acabados/pisos/adhesivos-y-boquillas/perdura-junteador-sin-arena-beige-5-kg-caja/p/0402010032,0402010032,acabados,perdura-junteador-sin-arena-beige-5-kg-caja
https://www.construrama.com/catalogo/acabados/pisos/adhesivos-y-boquillas/perdura-junteador-sin-arena-blanco-5-kg-caja/p/0402010033,0402010033,acabados,perdura-junteador-sin-arena-blanco-5-kg-caja
https://www.construrama.com/catalogo/acabados/pisos/adhesivos-y-boquillas/perdura-junteador-sin-arena-cafe-5-kg-caja/p/0402010034,0402010034,acabados,perdura-junteador-sin-arena-cafe-5-kg-caja
https://www.construrama.com/catalogo/acabados/pisos/adhesivos-y-boquillas/perdura-junteador-sin-arena-cancun-5-kg-caja/p/0402010035,0402010035,acabados,perdura-junteador-sin-arena-cancun-5-kg-caja
https://www.construrama.com/catalogo/acabados/pisos/adhesivos-y-boquillas/perdura-junteador-sin-arena-capuchino-5-kg-caja/p/0402010036,0402010036,acabados,perdura-junteador-sin-arena-capuchino-5-kg-caja
https://www.construrama.com/catalogo/acabados/pisos/adhesivos-y-boquillas/perdura-junteador-sin-arena-granada-5-kg-caja/p/0402010037,0402010037,acabados,perdura-junteador-sin-arena-granada-5-kg-caja
https://www.construrama.com/catalogo/acabados/pisos/adhesivos-y-boquillas/perdura-junteador-sin-arena-marfil-5-kg-caja/p/0402010038,0402010038,acabados,perdura-junteador-sin-arena-marfil-5-kg-caja
https://www.construrama.com/catalogo/acabados/pisos/adhesivos-y-boquillas/perdura-junteador-sin-arena-melon-5-kg-caja/p/0402010039,0402010039,acabados,perdura-junteador-sin-arena-melon-5-kg-caja
https://www.construrama.com/catalogo/acabados/pisos/adhesivos-y-boquillas/perdura-junteador-sin-arena-mocka-5-kg-caja/p/0402010040,0402010040,acabados,perdura-junteador-sin-arena-mocka-5-kg-caja
https://www.construrama.com/catalogo/acabados/pisos/adhesivos-y-boquillas/perdura-junteador-sin-arena-negro-5-kg-caja/p/0402010041,0402010041,acabados,perdura-junteador-sin-arena-negro-5-kg-caja
https://www.construrama.com/catalogo/acabados/pisos/adhesivos-y-boquillas/perdura-junteador-sin-arena-plata-5-kg-caja/p/0402010042,0402010042,acabados,perdura-junteador-sin-arena-plata-5-kg-caja
https://www.construrama.com/catalogo/acabados/pisos/adhesivos-y-boquillas/niasa-pegazulejo-adhesivo-blanco-20-kg-saco/p/0402010043,0402010043,acabados,niasa-pegazulejo-adhesivo-blanco-20-kg-saco
https://www.construrama.com/catalogo/acabados/pisos/adhesivos-y-boquillas/niasa-pegamarmol-blanco-20-kg-saco/p/0402010044,0402010044,acabados,niasa-pegamarmol-blanco-20-kg-saco
https://www.construrama.com/catalogo/acabados/pisos/adhesivos-y-boquillas/niasa-pegamarmol-gris-20-kg-saco/p/0402010045,0402010045,acabados,niasa-pegamarmol-gris-20-kg-saco
https://www.construrama.com/catalogo/acabados/pisos/adhesivos-y-boquillas/perdura-pega-piedra-perdura-20-kg-saco/p/0402010046,0402010046,acabados,perdura-pega-piedra-perdura-20-kg-saco
https://www.construrama.com/catalogo/acabados/pisos/adhesivos-y-boquillas/perdura-pega-pisos-y-marmol-blanco-20-kg-saco/p/0402010047,0402010047,acabados,perdura-pega-pisos-y-marmol-blanco-20-kg-saco
https://www.construrama.com/catalogo/acabados/pisos/adhesivos-y-boquillas/perdura-pega-pisos-y-marmol-gris-20-kg-saco/p/0402010048,0402010048,acabados,perdura-pega-pisos-y-marmol-gris-20-kg-saco
https://www.construrama.com/catalogo/acabados/pisos/adhesivos-y-boquillas/perdura-pega-porcelanico-perdura-blanco-20-kg-saco/p/0402010049,0402010049,acabados,perdura-pega-porcelanico-perdura-blanco-20-kg-saco
https://www.construrama.com/catalogo/acabados/pisos/adhesivos-y-boquillas/perdura-pega-porcelanico-perdura-gris-20-kg-saco/p/0402010050,0402010050,acabados,perdura-pega-porcelanico-perdura-gris-20-kg-saco
https://www.construrama.com/catalogo/acabados/pisos/adhesivos-y-boquillas/perdura-pega-sobre-piso-blanco-10-kg-saco/p/0402010051,0402010051,acabados,perdura-pega-sobre-piso-blanco-10-kg-saco
https://www.construrama.com/catalogo/acabados/pisos/adhesivos-y-boquillas/perdura-pega-sobre-piso-blanco-interiores-20-kg-saco/p/0402010052,0402010052,acabados,perdura-pega-sobre-piso-blanco-interiores-20-kg-saco
https://www.construrama.com/catalogo/acabados/pisos/adhesivos-y-boquillas/perdura-pega-sobre-piso-gris-10-kg-saco/p/0402010053,0402010053,acabados,perdura-pega-sobre-piso-gris-10-kg-saco
https://www.construrama.com/catalogo/acabados/pisos/adhesivos-y-boquillas/perdura-pega-sobre-piso-gris-interiores-20-kg-saco/p/0402010054,0402010054,acabados,perdura-pega-sobre-piso-gris-interiores-20-kg-saco
https://www.construrama.com/catalogo/acabados/pisos/adhesivos-y-boquillas/durentto-pega-unico-blanco-20-kg-saco/p/0402010055,0402010055,acabados,durentto-pega-unico-blanco-20-kg-saco
https://www.construrama.com/catalogo/acabados/pisos/adhesivos-y-boquillas/perdura-pega-veneciano-perdura-azul-20-kg-saco/p/0402010056,0402010056,acabados,perdura-pega-veneciano-perdura-azul-20-kg-saco
https://www.construrama.com/catalogo/acabados/pisos/adhesivos-y-boquillas/perdura-pega-veneciano-perdura-blanco-20-kg-saco/p/0402010057,0402010057,acabados,perdura-pega-veneciano-perdura-blanco-20-kg-saco
https://www.construrama.com/catalogo/acabados/pisos/adhesivos-y-boquillas/durentto-pegapiso-extra-gris-la-pegada-20-kg-saco/p/0402010059,0402010059,acabados,durentto-pegapiso-extra-gris-la-pegada-20-kg-saco
https://www.construrama.com/catalogo/acabados/pisos/adhesivos-y-boquillas/niasa-pega-vitro-blanco-20-kg-saco/p/0402010058,0402010058,acabados,niasa-pega-vitro-blanco-20-kg-saco
https://www.construrama.com/catalogo/acabados/pisos/adhesivos-y-boquillas/pegaduro-pegapiso-gris-20-kg-saco/p/0402010060,0402010060,acabados,pegaduro-pegapiso-gris-20-kg-saco
https://www.construrama.com/catalogo/acabados/pisos/adhesivos-y-boquillas/uniceramica-pegapiso-gris-20-kg-saco/p/0402010061,0402010061,acabados,uniceramica-pegapiso-gris-20-kg-saco
https://www.construrama.com/catalogo/acabados/pisos/adhesivos-y-boquillas/pegaduro-pegaslate-20-kg-saco/p/0402010063,0402010063,acabados,pegaduro-pegaslate-20-kg-saco
https://www.construrama.com/catalogo/acabados/pisos/adhesivos-y-boquillas/pegaduro-pegapiso-zaz-blanco-20-kg-saco/p/0402010062,0402010062,acabados,pegaduro-pegapiso-zaz-blanco-20-kg-saco
https://www.construrama.com/catalogo/acabados/pisos/adhesivos-y-boquillas/pegaduro-pegazulejo-blanco-20-kg-saco/p/0402010064,0402010064,acabados,pegaduro-pegazulejo-blanco-20-kg-saco
https://www.construrama.com/catalogo/acabados/pisos/adhesivos-y-boquillas/fixol-pegazulejo-uniceramica-blanco-20-kg-saco/p/0402010065,0402010065,acabados,fixol-pegazulejo-uniceramica-blanco-20-kg-saco
https://www.construrama.com/catalogo/acabados/pisos/adhesivos-y-boquillas/pegaduro-pegazulejo-zaz-blanco-20-kg-saco/p/0402010066,0402010066,acabados,pegaduro-pegazulejo-zaz-blanco-20-kg-saco
https://www.construrama.com/catalogo/acabados/pisos/adhesivos-y-boquillas/niasa-polimor-blanco-10-kg-saco/p/0402010067,0402010067,acabados,niasa-polimor-blanco-10-kg-saco
https://www.construrama.com/catalogo/acabados/pisos/adhesivos-y-boquillas/cemix-psp-porcelanico-20-kg-saco/p/0402010068,0402010068,acabados,cemix-psp-porcelanico-20-kg-saco
https://www.construrama.com/catalogo/acabados/pisos/adhesivos-y-boquillas/perdura-viviendero-gris-20-kg-saco/p/0402010069,0402010069,acabados,perdura-viviendero-gris-20-kg-saco
https://www.construrama.com/catalogo/plomeria/almacenamiento-de-agua/tinacos/rotoplas-sistema-mejor-agua-1100-lt-bicapa-pieza/p/0501010001,0501010001,plomeria,rotoplas-sistema-mejor-agua-1100-lt-bicapa-pieza
https://www.construrama.com/catalogo/plomeria/almacenamiento-de-agua/tinacos/rotoplas-sistema-mejor-agua-1100-lt-tricapa-pieza/p/0501010002,0501010002,plomeria,rotoplas-sistema-mejor-agua-1100-lt-tricapa-pieza
https://www.construrama.com/catalogo/plomeria/almacenamiento-de-agua/tinacos/rotoplas-sistema-mejor-agua-450-lt-bicapa-pieza/p/0501010003,0501010003,plomeria,rotoplas-sistema-mejor-agua-450-lt-bicapa-pieza
https://www.construrama.com/catalogo/plomeria/almacenamiento-de-agua/tinacos/rotoplas-tinaco-tricapa-450-litros-con-accesorios-pieza/p/0501010004,0501010004,plomeria,rotoplas-tinaco-tricapa-450-litros-con-accesorios-pieza
https://www.construrama.com/catalogo/plomeria/almacenamiento-de-agua/tinacos/rotoplas-sistema-mejor-agua-600-lt-bicapa-pieza/p/0501010005,0501010005,plomeria,rotoplas-sistema-mejor-agua-600-lt-bicapa-pieza
https://www.construrama.com/catalogo/plomeria/almacenamiento-de-agua/tinacos/rotoplas-tinaco-tricapa-600-litros-con-accesorios-pieza/p/0501010006,0501010006,plomeria,rotoplas-tinaco-tricapa-600-litros-con-accesorios-pieza
https://www.construrama.com/catalogo/plomeria/almacenamiento-de-agua/tinacos/rotoplas-sistema-mejor-agua-750-lt-bicapa-pieza/p/0501010007,0501010007,plomeria,rotoplas-sistema-mejor-agua-750-lt-bicapa-pieza
https://www.construrama.com/catalogo/plomeria/almacenamiento-de-agua/tinacos/rotoplas-sistema-mejor-agua-750-lt-tricapa-pieza/p/0501010008,0501010008,plomeria,rotoplas-sistema-mejor-agua-750-lt-tricapa-pieza
https://www.construrama.com/catalogo/plomeria/almacenamiento-de-agua/tinacos/mexalit-tinaco-1100-lt-equipado-bicapa-pieza/p/0501010009,0501010009,plomeria,mexalit-tinaco-1100-lt-equipado-bicapa-pieza
https://www.construrama.com/catalogo/plomeria/almacenamiento-de-agua/tinacos/mexalit-tinaco-1100-lt-equipado-tricapa-pieza/p/0501010010,0501010010,plomeria,mexalit-tinaco-1100-lt-equipado-tricapa-pieza
https://www.construrama.com/catalogo/plomeria/almacenamiento-de-agua/tinacos/tinaco-450-lt-equipado-tricapa-pieza/p/0501010011,0501010011,plomeria,tinaco-450-lt-equipado-tricapa-pieza
https://www.construrama.com/catalogo/plomeria/almacenamiento-de-agua/tinacos/citiplast-tinaco-450-lt-tricapa-pieza/p/0501010012,0501010012,plomeria,citiplast-tinaco-450-lt-tricapa-pieza
https://www.construrama.com/catalogo/plomeria/almacenamiento-de-agua/tinacos/rotoplas-tinaco-horizontal-tricapa-1100-litrost-he-pieza/p/0501010013,0501010013,plomeria,rotoplas-tinaco-horizontal-tricapa-1100-litrost-he-pieza
https://www.construrama.com/catalogo/plomeria/herramientas-y-accesorios-de-plomeria/adhesivos-y-accesorios/garlock-cinta-de-teflon-12-pieza/p/0502010006,0502010006,plomeria,garlock-cinta-de-teflon-12-pieza
https://www.construrama.com/catalogo/plomeria/herramientas-y-accesorios-de-plomeria/adhesivos-y-accesorios/truper-cinta-de-teflon-1-13-m-pieza/p/0502010001,0502010001,plomeria,truper-cinta-de-teflon-1-13-m-pieza
https://www.construrama.com/catalogo/plomeria/herramientas-y-accesorios-de-plomeria/adhesivos-y-accesorios/pretul-cinta-de-teflon-12-pieza/p/0502010005,0502010005,plomeria,pretul-cinta-de-teflon-12-pieza
https://www.construrama.com/catalogo/plomeria/herramientas-y-accesorios-de-plomeria/adhesivos-y-accesorios/truper-cinta-de-teflon-12-pieza/p/0502010002,0502010002,plomeria,truper-cinta-de-teflon-12-pieza
https://www.construrama.com/catalogo/plomeria/herramientas-y-accesorios-de-plomeria/adhesivos-y-accesorios/truper-cinta-de-teflon-12-13-metros-pieza/p/0502010003,0502010003,plomeria,truper-cinta-de-teflon-12-13-metros-pieza
https://www.construrama.com/catalogo/plomeria/herramientas-y-accesorios-de-plomeria/adhesivos-y-accesorios/truper-cinta-de-teflon-12-uso-industrial-13-metros-pieza/p/0502010004,0502010004,plomeria,truper-cinta-de-teflon-12-uso-industrial-13-metros-pieza
https://www.construrama.com/catalogo/plomeria/herramientas-y-accesorios-de-plomeria/adhesivos-y-accesorios/toolcraft-cinta-de-teflon-12-x-66-m-pieza/p/0502010007,0502010007,plomeria,toolcraft-cinta-de-teflon-12-x-66-m-pieza
https://www.construrama.com/catalogo/plomeria/herramientas-y-accesorios-de-plomeria/adhesivos-y-accesorios/garlock-cinta-de-teflon-34-pieza/p/0502010012,0502010012,plomeria,garlock-cinta-de-teflon-34-pieza
https://www.construrama.com/catalogo/plomeria/herramientas-y-accesorios-de-plomeria/adhesivos-y-accesorios/pretul-cinta-de-teflon-34-pieza/p/0502010011,0502010011,plomeria,pretul-cinta-de-teflon-34-pieza
https://www.construrama.com/catalogo/plomeria/herramientas-y-accesorios-de-plomeria/adhesivos-y-accesorios/truper-cinta-de-teflon-34-pieza/p/0502010008,0502010008,plomeria,truper-cinta-de-teflon-34-pieza
https://www.construrama.com/catalogo/plomeria/herramientas-y-accesorios-de-plomeria/adhesivos-y-accesorios/truper-cinta-de-teflon-34-13-metros-pieza/p/0502010009,0502010009,plomeria,truper-cinta-de-teflon-34-13-metros-pieza
https://www.construrama.com/catalogo/plomeria/herramientas-y-accesorios-de-plomeria/adhesivos-y-accesorios/truper-cinta-de-teflon-34-13-m-uso-industrial-pieza/p/0502010010,0502010010,plomeria,truper-cinta-de-teflon-34-13-m-uso-industrial-pieza
https://www.construrama.com/catalogo/plomeria/herramientas-y-accesorios-de-plomeria/adhesivos-y-accesorios/toolcraft-cinta-de-teflon-para-gas-amarilla-12-x-66-m-pieza/p/0502010013,0502010013,plomeria,toolcraft-cinta-de-teflon-para-gas-amarilla-12-x-66-m-pieza
https://www.construrama.com/catalogo/plomeria/herramientas-y-accesorios-de-plomeria/adhesivos-y-accesorios/surtek-cinta-de-teflon-premium-12-pieza/p/0502010014,0502010014,plomeria,surtek-cinta-de-teflon-premium-12-pieza
https://www.construrama.com/catalogo/plomeria/herramientas-y-accesorios-de-plomeria/adhesivos-y-accesorios/presto-limpiador-para-pvc-500-ml-pieza/p/0502010015,0502010015,plomeria,presto-limpiador-para-pvc-500-ml-pieza
https://www.construrama.com/catalogo/plomeria/herramientas-y-accesorios-de-plomeria/adhesivos-y-accesorios/limpiador-para-pvc-c65-12-lt-pieza/p/0502010016,0502010016,plomeria,limpiador-para-pvc-c65-12-lt-pieza
https://www.construrama.com/catalogo/plomeria/herramientas-y-accesorios-de-plomeria/adhesivos-y-accesorios/weldon-limpiador-para-pvc-c65-14-lt-pieza/p/0502010017,0502010017,plomeria,weldon-limpiador-para-pvc-c65-14-lt-pieza
https://www.construrama.com/catalogo/plomeria/herramientas-y-accesorios-de-plomeria/adhesivos-y-accesorios/contact-limpiador-pvc-trasparente-240ml-pieza/p/0502010018,0502010018,plomeria,contact-limpiador-pvc-trasparente-240ml-pieza
https://www.construrama.com/catalogo/plomeria/herramientas-y-accesorios-de-plomeria/adhesivos-y-accesorios/contact-limpiador-pvc-trasparente-500ml-pieza/p/0502010019,0502010019,plomeria,contact-limpiador-pvc-trasparente-500ml-pieza
https://www.construrama.com/catalogo/plomeria/herramientas-y-accesorios-de-plomeria/adhesivos-y-accesorios/contact-pegamento-amarillo-cpvc-120-ml-pieza/p/0502010020,0502010020,plomeria,contact-pegamento-amarillo-cpvc-120-ml-pieza
https://www.construrama.com/catalogo/plomeria/herramientas-y-accesorios-de-plomeria/adhesivos-y-accesorios/pegamento-amarillo-cpvc-contact-120-ml-pieza/p/0502010021,0502010021,plomeria,pegamento-amarillo-cpvc-contact-120-ml-pieza
https://www.construrama.com/catalogo/plomeria/herramientas-y-accesorios-de-plomeria/adhesivos-y-accesorios/contact-pegamento-amarillo-cpvc-240-ml-pieza/p/0502010022,0502010022,plomeria,contact-pegamento-amarillo-cpvc-240-ml-pieza
https://www.construrama.com/catalogo/plomeria/herramientas-y-accesorios-de-plomeria/adhesivos-y-accesorios/contact-pegamento-amarillo-cpvc-60-ml-pieza/p/0502010023,0502010023,plomeria,contact-pegamento-amarillo-cpvc-60-ml-pieza
https://www.construrama.com/catalogo/plomeria/herramientas-y-accesorios-de-plomeria/adhesivos-y-accesorios/sigma-pegamento-para-pvc-amarillo-vl2000-14-lt-pieza/p/0502010024,0502010024,plomeria,sigma-pegamento-para-pvc-amarillo-vl2000-14-lt-pieza
https://www.construrama.com/catalogo/plomeria/herramientas-y-accesorios-de-plomeria/adhesivos-y-accesorios/pegamento-para-cpvc-12-lt-pieza/p/0502010025,0502010025,plomeria,pegamento-para-cpvc-12-lt-pieza
https://www.construrama.com/catalogo/plomeria/herramientas-y-accesorios-de-plomeria/adhesivos-y-accesorios/masterproof-pegamento-para-cpvc-14-lt-pieza/p/0502010026,0502010026,plomeria,masterproof-pegamento-para-cpvc-14-lt-pieza
https://www.construrama.com/catalogo/plomeria/herramientas-y-accesorios-de-plomeria/adhesivos-y-accesorios/pegamento-para-cpvc-18-lt-pieza/p/0502010027,0502010027,plomeria,pegamento-para-cpvc-18-lt-pieza
https://www.construrama.com/catalogo/plomeria/herramientas-y-accesorios-de-plomeria/adhesivos-y-accesorios/masterproof-pegamento-para-cpvc-60-ml-pieza/p/0502010028,0502010028,plomeria,masterproof-pegamento-para-cpvc-60-ml-pieza
https://www.construrama.com/catalogo/plomeria/herramientas-y-accesorios-de-plomeria/adhesivos-y-accesorios/foset-pegamento-para-cpvc-bote-90-ml-pieza/p/0502010029,0502010029,plomeria,foset-pegamento-para-cpvc-bote-90-ml-pieza
https://www.construrama.com/catalogo/plomeria/herramientas-y-accesorios-de-plomeria/adhesivos-y-accesorios/masterproof-pegamento-para-pvc-1-lt-pieza/p/0502010030,0502010030,plomeria,masterproof-pegamento-para-pvc-1-lt-pieza
https://www.construrama.com/catalogo/plomeria/herramientas-y-accesorios-de-plomeria/adhesivos-y-accesorios/masterproof-pegamento-para-pvc-12-lt-pieza/p/0502010031,0502010031,plomeria,masterproof-pegamento-para-pvc-12-lt-pieza
https://www.construrama.com/catalogo/plomeria/herramientas-y-accesorios-de-plomeria/adhesivos-y-accesorios/weldon-pegamento-para-pvc-12-lt-pieza/p/0502010032,0502010032,plomeria,weldon-pegamento-para-pvc-12-lt-pieza
https://www.construrama.com/catalogo/plomeria/herramientas-y-accesorios-de-plomeria/adhesivos-y-accesorios/masterproof-pegamento-para-pvc-14-lt-pieza/p/0502010033,0502010033,plomeria,masterproof-pegamento-para-pvc-14-lt-pieza
https://www.construrama.com/catalogo/plomeria/herramientas-y-accesorios-de-plomeria/adhesivos-y-accesorios/liderz-pegamento-para-pvc-14-lt-pieza/p/0502010034,0502010034,plomeria,liderz-pegamento-para-pvc-14-lt-pieza
https://www.construrama.com/catalogo/plomeria/herramientas-y-accesorios-de-plomeria/adhesivos-y-accesorios/masterproof-pegamento-para-pvc-18-lt-pieza/p/0502010035,0502010035,plomeria,masterproof-pegamento-para-pvc-18-lt-pieza
https://www.construrama.com/catalogo/plomeria/herramientas-y-accesorios-de-plomeria/adhesivos-y-accesorios/tangit-pegamento-para-pvc-125-ml-pieza/p/0502010036,0502010036,plomeria,tangit-pegamento-para-pvc-125-ml-pieza
https://www.construrama.com/catalogo/plomeria/herramientas-y-accesorios-de-plomeria/adhesivos-y-accesorios/contact-pegamento-para-pvc-1lt-pieza/p/0502010037,0502010037,plomeria,contact-pegamento-para-pvc-1lt-pieza
https://www.construrama.com/catalogo/plomeria/herramientas-y-accesorios-de-plomeria/adhesivos-y-accesorios/pegamento-para-pvc-236-ml-pieza/p/0502010038,0502010038,plomeria,pegamento-para-pvc-236-ml-pieza
https://www.construrama.com/catalogo/plomeria/herramientas-y-accesorios-de-plomeria/adhesivos-y-accesorios/tangit-pegamento-para-pvc-240-ml-pieza/p/0502010039,0502010039,plomeria,tangit-pegamento-para-pvc-240-ml-pieza
https://www.construrama.com/catalogo/plomeria/herramientas-y-accesorios-de-plomeria/adhesivos-y-accesorios/omega-pegamento-para-pvc-50-gr-pieza/p/0502010040,0502010040,plomeria,omega-pegamento-para-pvc-50-gr-pieza
https://www.construrama.com/catalogo/plomeria/herramientas-y-accesorios-de-plomeria/adhesivos-y-accesorios/pegamento-para-pvc-500-ml-pieza/p/0502010041,0502010041,plomeria,pegamento-para-pvc-500-ml-pieza
https://www.construrama.com/catalogo/plomeria/herramientas-y-accesorios-de-plomeria/adhesivos-y-accesorios/tangit-pegamento-para-pvc-500-ml-pieza/p/0502010042,0502010042,plomeria,tangit-pegamento-para-pvc-500-ml-pieza
https://www.construrama.com/catalogo/plomeria/herramientas-y-accesorios-de-plomeria/adhesivos-y-accesorios/masterproof-pegamento-para-pvc-60-ml-pieza/p/0502010043,0502010043,plomeria,masterproof-pegamento-para-pvc-60-ml-pieza
https://www.construrama.com/catalogo/plomeria/herramientas-y-accesorios-de-plomeria/adhesivos-y-accesorios/pegamento-para-pvc-717-12-lt-pieza/p/0502010044,0502010044,plomeria,pegamento-para-pvc-717-12-lt-pieza
https://www.construrama.com/catalogo/plomeria/herramientas-y-accesorios-de-plomeria/adhesivos-y-accesorios/pegamento-para-pvc-717-14-lt-pieza/p/0502010045,0502010045,plomeria,pegamento-para-pvc-717-14-lt-pieza
https://www.construrama.com/catalogo/plomeria/herramientas-y-accesorios-de-plomeria/adhesivos-y-accesorios/weldon-pegamento-para-pvc-747-14-lt-pieza/p/0502010046,0502010046,plomeria,weldon-pegamento-para-pvc-747-14-lt-pieza
https://www.construrama.com/catalogo/plomeria/herramientas-y-accesorios-de-plomeria/adhesivos-y-accesorios/pegamento-para-pvc-946-ml-pieza/p/0502010047,0502010047,plomeria,pegamento-para-pvc-946-ml-pieza
https://www.construrama.com/catalogo/plomeria/herramientas-y-accesorios-de-plomeria/adhesivos-y-accesorios/tangit-pegamento-para-pvc-960-ml-pieza/p/0502010048,0502010048,plomeria,tangit-pegamento-para-pvc-960-ml-pieza
https://www.construrama.com/catalogo/plomeria/herramientas-y-accesorios-de-plomeria/adhesivos-y-accesorios/sigma-pegamento-para-pvc-amarillo-vl-2000-1-lt-pieza/p/0502010049,0502010049,plomeria,sigma-pegamento-para-pvc-amarillo-vl-2000-1-lt-pieza
https://www.construrama.com/catalogo/plomeria/herramientas-y-accesorios-de-plomeria/adhesivos-y-accesorios/sigma-pegamento-para-pvc-amarillo-vl-2000-107-ml-pieza/p/0502010050,0502010050,plomeria,sigma-pegamento-para-pvc-amarillo-vl-2000-107-ml-pieza
https://www.construrama.com/catalogo/plomeria/herramientas-y-accesorios-de-plomeria/adhesivos-y-accesorios/sigma-pegamento-para-pvc-amarillo-vl-2000-500-ml-pieza/p/0502010051,0502010051,plomeria,sigma-pegamento-para-pvc-amarillo-vl-2000-500-ml-pieza
https://www.construrama.com/catalogo/plomeria/herramientas-y-accesorios-de-plomeria/adhesivos-y-accesorios/contact-pegamento-para-pvc-azul-120-ml-pieza/p/0502010052,0502010052,plomeria,contact-pegamento-para-pvc-azul-120-ml-pieza
https://www.construrama.com/catalogo/plomeria/herramientas-y-accesorios-de-plomeria/adhesivos-y-accesorios/contact-pegamento-para-pvc-azul-240-ml-pieza/p/0502010053,0502010053,plomeria,contact-pegamento-para-pvc-azul-240-ml-pieza
https://www.construrama.com/catalogo/plomeria/herramientas-y-accesorios-de-plomeria/adhesivos-y-accesorios/contact-pegamento-para-pvc-azul-475-ml-pieza/p/0502010054,0502010054,plomeria,contact-pegamento-para-pvc-azul-475-ml-pieza
https://www.construrama.com/catalogo/plomeria/herramientas-y-accesorios-de-plomeria/adhesivos-y-accesorios/contact-pegamento-para-pvc-azul-60-ml-pieza/p/0502010055,0502010055,plomeria,contact-pegamento-para-pvc-azul-60-ml-pieza
https://www.construrama.com/catalogo/plomeria/herramientas-y-accesorios-de-plomeria/adhesivos-y-accesorios/foset-pegamento-para-pvc-bote-145-ml-pieza/p/0502010056,0502010056,plomeria,foset-pegamento-para-pvc-bote-145-ml-pieza
https://www.construrama.com/catalogo/plomeria/tuberia-hidraulica-y-conexiones/conexiones/cresco-adaptador-cpvc-1-hembra-pieza/p/0503010001,0503010001,plomeria,cresco-adaptador-cpvc-1-hembra-pieza
https://www.construrama.com/catalogo/plomeria/tuberia-hidraulica-y-conexiones/conexiones/cresco-adaptador-cpvc-1-macho-pieza/p/0503010002,0503010002,plomeria,cresco-adaptador-cpvc-1-macho-pieza
https://www.construrama.com/catalogo/plomeria/tuberia-hidraulica-y-conexiones/conexiones/adaptador-cpvc-1-macho-pieza/p/0503010003,0503010003,plomeria,adaptador-cpvc-1-macho-pieza
https://www.construrama.com/catalogo/plomeria/tuberia-hidraulica-y-conexiones/conexiones/cresco-adaptador-hembra-cpvc-cts-12-cemxrm-pieza/p/0503010004,0503010004,plomeria,cresco-adaptador-hembra-cpvc-cts-12-cemxrm-pieza
https://www.construrama.com/catalogo/plomeria/tuberia-hidraulica-y-conexiones/conexiones/adaptador-cpvc-12-hembra-pieza/p/0503010006,0503010006,plomeria,adaptador-cpvc-12-hembra-pieza
https://www.construrama.com/catalogo/plomeria/tuberia-hidraulica-y-conexiones/conexiones/foset-adaptador-cpvc-12-hembra-pieza/p/0503010005,0503010005,plomeria,foset-adaptador-cpvc-12-hembra-pieza
https://www.construrama.com/catalogo/plomeria/tuberia-hidraulica-y-conexiones/conexiones/amanco-adaptador-cpvc-12-macho-pieza/p/0503010008,0503010008,plomeria,amanco-adaptador-cpvc-12-macho-pieza
https://www.construrama.com/catalogo/plomeria/tuberia-hidraulica-y-conexiones/conexiones/cresco-adaptador-cpvc-cts-12-macho-pieza/p/0503010009,0503010009,plomeria,cresco-adaptador-cpvc-cts-12-macho-pieza
https://www.construrama.com/catalogo/plomeria/tuberia-hidraulica-y-conexiones/conexiones/adaptador-cpvc-12-macho-pieza/p/0503010010,0503010010,plomeria,adaptador-cpvc-12-macho-pieza
https://www.construrama.com/catalogo/plomeria/tuberia-hidraulica-y-conexiones/conexiones/cresco-adaptador-hembra-cpvc-cts-34-cem-x-rh-pieza/p/0503010011,0503010011,plomeria,cresco-adaptador-hembra-cpvc-cts-34-cem-x-rh-pieza
https://www.construrama.com/catalogo/plomeria/tuberia-hidraulica-y-conexiones/conexiones/foset-adaptador-macho-de-cpvc-12-pieza/p/0503010007,0503010007,plomeria,foset-adaptador-macho-de-cpvc-12-pieza
https://www.construrama.com/catalogo/plomeria/tuberia-hidraulica-y-conexiones/conexiones/amanco-adaptador-cpvc-34-macho-pieza/p/0503010013,0503010013,plomeria,amanco-adaptador-cpvc-34-macho-pieza
https://www.construrama.com/catalogo/plomeria/tuberia-hidraulica-y-conexiones/conexiones/adaptador-cpvc-34-hembra-pieza/p/0503010012,0503010012,plomeria,adaptador-cpvc-34-hembra-pieza
https://www.construrama.com/catalogo/plomeria/tuberia-hidraulica-y-conexiones/conexiones/cresco-adaptador-macho-cpvc-cts-34-cem-x-rh-pieza/p/0503010014,0503010014,plomeria,cresco-adaptador-macho-cpvc-cts-34-cem-x-rh-pieza
https://www.construrama.com/catalogo/plomeria/tuberia-hidraulica-y-conexiones/conexiones/adaptador-cpvc-34-macho-pieza/p/0503010015,0503010015,plomeria,adaptador-cpvc-34-macho-pieza
https://www.construrama.com/catalogo/plomeria/tuberia-hidraulica-y-conexiones/conexiones/adaptador-cpvcbronce-34-hembra-pieza/p/0503010017,0503010017,plomeria,adaptador-cpvcbronce-34-hembra-pieza
https://www.construrama.com/catalogo/plomeria/tuberia-hidraulica-y-conexiones/conexiones/adaptador-cpvcbronce-12-hembra-pieza/p/0503010016,0503010016,plomeria,adaptador-cpvcbronce-12-hembra-pieza
https://www.construrama.com/catalogo/plomeria/tuberia-hidraulica-y-conexiones/conexiones/adaptador-hembra-pvc-manguera-12-pieza/p/0503010018,0503010018,plomeria,adaptador-hembra-pvc-manguera-12-pieza
https://www.construrama.com/catalogo/plomeria/tuberia-hidraulica-y-conexiones/conexiones/adaptador-hembra-pvc-manguera-34-pieza/p/0503010019,0503010019,plomeria,adaptador-hembra-pvc-manguera-34-pieza
https://www.construrama.com/catalogo/plomeria/tuberia-hidraulica-y-conexiones/conexiones/adaptador-macho-pvc-manguera-1-12-pieza/p/0503010020,0503010020,plomeria,adaptador-macho-pvc-manguera-1-12-pieza
https://www.construrama.com/catalogo/plomeria/tuberia-hidraulica-y-conexiones/conexiones/adaptador-macho-pvc-manguera-1-pieza/p/0503010021,0503010021,plomeria,adaptador-macho-pvc-manguera-1-pieza
https://www.construrama.com/catalogo/plomeria/tuberia-hidraulica-y-conexiones/conexiones/adaptador-macho-pvc-manguera-12-pieza/p/0503010022,0503010022,plomeria,adaptador-macho-pvc-manguera-12-pieza
https://www.construrama.com/catalogo/plomeria/tuberia-hidraulica-y-conexiones/conexiones/adaptador-macho-pvc-manguera-2-pieza/p/0503010023,0503010023,plomeria,adaptador-macho-pvc-manguera-2-pieza
https://www.construrama.com/catalogo/plomeria/tuberia-hidraulica-y-conexiones/conexiones/adaptador-macho-pvc-manguera-34-pieza/p/0503010024,0503010024,plomeria,adaptador-macho-pvc-manguera-34-pieza
https://www.construrama.com/catalogo/plomeria/tuberia-hidraulica-y-conexiones/conexiones/adaptador-pvc-hidraulico-cedula-40-1-12-macho-pieza/p/0503010025,0503010025,plomeria,adaptador-pvc-hidraulico-cedula-40-1-12-macho-pieza
https://www.construrama.com/catalogo/plomeria/tuberia-hidraulica-y-conexiones/conexiones/adaptador-pvc-hidraulico-cedula-40-1-14-macho-pieza/p/0503010026,0503010026,plomeria,adaptador-pvc-hidraulico-cedula-40-1-14-macho-pieza
https://www.construrama.com/catalogo/plomeria/tuberia-hidraulica-y-conexiones/conexiones/adaptador-pvc-hidraulico-cedula-40-1-hembra-pieza/p/0503010027,0503010027,plomeria,adaptador-pvc-hidraulico-cedula-40-1-hembra-pieza
https://www.construrama.com/catalogo/plomeria/tuberia-hidraulica-y-conexiones/conexiones/adaptador-pvc-hidraulico-cedula-40-1-macho-pieza/p/0503010028,0503010028,plomeria,adaptador-pvc-hidraulico-cedula-40-1-macho-pieza
https://www.construrama.com/catalogo/plomeria/tuberia-hidraulica-y-conexiones/conexiones/adaptador-pvc-hidraulico-cedula-40-12-hembra-pieza/p/0503010029,0503010029,plomeria,adaptador-pvc-hidraulico-cedula-40-12-hembra-pieza
https://www.construrama.com/catalogo/plomeria/tuberia-hidraulica-y-conexiones/conexiones/adaptador-pvc-hidraulico-cedula-40-12-macho-pieza/p/0503010030,0503010030,plomeria,adaptador-pvc-hidraulico-cedula-40-12-macho-pieza
https://www.construrama.com/catalogo/plomeria/tuberia-hidraulica-y-conexiones/conexiones/adaptador-pvc-hidraulico-cedula-40-2-hembra-pieza/p/0503010031,0503010031,plomeria,adaptador-pvc-hidraulico-cedula-40-2-hembra-pieza
https://www.construrama.com/catalogo/plomeria/tuberia-hidraulica-y-conexiones/conexiones/adaptador-pvc-hidraulico-cedula-40-2-macho-pieza/p/0503010032,0503010032,plomeria,adaptador-pvc-hidraulico-cedula-40-2-macho-pieza
https://www.construrama.com/catalogo/plomeria/tuberia-hidraulica-y-conexiones/conexiones/adaptador-pvc-hidraulico-cedula-40-34-hembra-pieza/p/0503010033,0503010033,plomeria,adaptador-pvc-hidraulico-cedula-40-34-hembra-pieza
https://www.construrama.com/catalogo/plomeria/tuberia-hidraulica-y-conexiones/conexiones/adaptador-pvc-hidraulico-cedula-40-34-macho-pieza/p/0503010034,0503010034,plomeria,adaptador-pvc-hidraulico-cedula-40-34-macho-pieza
https://www.construrama.com/catalogo/plomeria/tuberia-hidraulica-y-conexiones/conexiones/coflex-brida-flexible-corta-4-pieza/p/0503010035,0503010035,plomeria,coflex-brida-flexible-corta-4-pieza
https://www.construrama.com/catalogo/plomeria/tuberia-hidraulica-y-conexiones/conexiones/foset-chupon-de-hule-negro-5040mm-pieza/p/0503010036,0503010036,plomeria,foset-chupon-de-hule-negro-5040mm-pieza
https://www.construrama.com/catalogo/plomeria/tuberia-hidraulica-y-conexiones/conexiones/coflex-chupon-universal-para-descarga-de-2-pieza/p/0503010037,0503010037,plomeria,coflex-chupon-universal-para-descarga-de-2-pieza
https://www.construrama.com/catalogo/plomeria/tuberia-hidraulica-y-conexiones/conexiones/tuboplus-codo-45-de-20-mm-12-pieza/p/0503010038,0503010038,plomeria,tuboplus-codo-45-de-20-mm-12-pieza
https://www.construrama.com/catalogo/plomeria/tuberia-hidraulica-y-conexiones/conexiones/tuboplus-codo-45-de-25-mm-34-pieza/p/0503010039,0503010039,plomeria,tuboplus-codo-45-de-25-mm-34-pieza
https://www.construrama.com/catalogo/plomeria/tuberia-hidraulica-y-conexiones/conexiones/codo-45-de-32-mm-1-pieza/p/0503010040,0503010040,plomeria,codo-45-de-32-mm-1-pieza
https://www.construrama.com/catalogo/plomeria/tuberia-hidraulica-y-conexiones/conexiones/tuboplus-codo-45-de-40-mm-1-14-pieza/p/0503010041,0503010041,plomeria,tuboplus-codo-45-de-40-mm-1-14-pieza
https://www.construrama.com/catalogo/plomeria/tuberia-hidraulica-y-conexiones/conexiones/tuboplus-codo-90-de-20-mm-12-pieza/p/0503010042,0503010042,plomeria,tuboplus-codo-90-de-20-mm-12-pieza
https://www.construrama.com/catalogo/plomeria/tuberia-hidraulica-y-conexiones/conexiones/tuboplus-codo-90-de-25-mm-34-pieza/p/0503010043,0503010043,plomeria,tuboplus-codo-90-de-25-mm-34-pieza
https://www.construrama.com/catalogo/plomeria/tuberia-hidraulica-y-conexiones/conexiones/tuboplus-codo-90-de-32-mm-1-pieza/p/0503010044,0503010044,plomeria,tuboplus-codo-90-de-32-mm-1-pieza
https://www.construrama.com/catalogo/plomeria/tuberia-hidraulica-y-conexiones/conexiones/polimex-codo-90-rosca-hembra-12-pieza/p/0503010045,0503010045,plomeria,polimex-codo-90-rosca-hembra-12-pieza
https://www.construrama.com/catalogo/plomeria/tuberia-hidraulica-y-conexiones/conexiones/tuboplus-codo-90-rosca-hembra-20-x-12-pieza/p/0503010046,0503010046,plomeria,tuboplus-codo-90-rosca-hembra-20-x-12-pieza
https://www.construrama.com/catalogo/plomeria/tuberia-hidraulica-y-conexiones/conexiones/tuboplus-codo-90-rosca-hembra-25-x-34-pieza/p/0503010047,0503010047,plomeria,tuboplus-codo-90-rosca-hembra-25-x-34-pieza
https://www.construrama.com/catalogo/plomeria/tuberia-hidraulica-y-conexiones/conexiones/tuboplus-codo-90-rosca-hembra-32-x-1-pieza/p/0503010048,0503010048,plomeria,tuboplus-codo-90-rosca-hembra-32-x-1-pieza
https://www.construrama.com/catalogo/plomeria/tuberia-hidraulica-y-conexiones/conexiones/adapt-macho-cpvc-34-cemxrmbroncegen-pieza/p/0503010049,0503010049,plomeria,adapt-macho-cpvc-34-cemxrmbroncegen-pieza
https://www.construrama.com/catalogo/plomeria/tuberia-hidraulica-y-conexiones/conexiones/cresco-adaptador-macho-cpvc-cts-12-cemxrm-pieza/p/0503010050,0503010050,plomeria,cresco-adaptador-macho-cpvc-cts-12-cemxrm-pieza
https://www.construrama.com/catalogo/plomeria/tuberia-hidraulica-y-conexiones/conexiones/rotoplas-adaptador-venteo-con-malla-10-de-3-vc330-pieza/p/0503010051,0503010051,plomeria,rotoplas-adaptador-venteo-con-malla-10-de-3-vc330-pieza
https://www.construrama.com/catalogo/plomeria/tuberia-hidraulica-y-conexiones/conexiones/foset-codo-90-de-cobre-de-12-pieza/p/0503010052,0503010052,plomeria,foset-codo-90-de-cobre-de-12-pieza
https://www.construrama.com/catalogo/plomeria/tuberia-hidraulica-y-conexiones/conexiones/foset-codo-90-de-cpvc-13mm-12-pieza/p/0503010053,0503010053,plomeria,foset-codo-90-de-cpvc-13mm-12-pieza
https://www.construrama.com/catalogo/plomeria/tuberia-hidraulica-y-conexiones/conexiones/codo-pipa-90-cpvc-cts-34-cementar-pieza/p/0503010056,0503010056,plomeria,codo-pipa-90-cpvc-cts-34-cementar-pieza
https://www.construrama.com/catalogo/plomeria/tuberia-hidraulica-y-conexiones/conexiones/codo-pipa-90-cpvc-cts-12-cementar-pieza/p/0503010055,0503010055,plomeria,codo-pipa-90-cpvc-cts-12-cementar-pieza
https://www.construrama.com/catalogo/plomeria/tuberia-hidraulica-y-conexiones/conexiones/truper-codo-90-de-cobre-de-34-pieza/p/0503010054,0503010054,plomeria,truper-codo-90-de-cobre-de-34-pieza
https://www.construrama.com/catalogo/plomeria/tuberia-hidraulica-y-conexiones/conexiones/foset-cople-de-pvc-13-mm-pieza/p/0503010058,0503010058,plomeria,foset-cople-de-pvc-13-mm-pieza
https://www.construrama.com/catalogo/plomeria/tuberia-hidraulica-y-conexiones/conexiones/foset-cople-reduccion-campana-cobre34x-12-pieza/p/0503010059,0503010059,plomeria,foset-cople-reduccion-campana-cobre34x-12-pieza
https://www.construrama.com/catalogo/plomeria/tuberia-hidraulica-y-conexiones/conexiones/foset-conector-de-cobre-rosca-interior-34-pieza/p/0503010057,0503010057,plomeria,foset-conector-de-cobre-rosca-interior-34-pieza
https://www.construrama.com/catalogo/plomeria/tuberia-hidraulica-y-conexiones/conexiones/foset-tee-de-cobre-sencilla-34-pieza/p/0503010061,0503010061,plomeria,foset-tee-de-cobre-sencilla-34-pieza
https://www.construrama.com/catalogo/plomeria/tuberia-hidraulica-y-conexiones/conexiones/cresco-codo-90-cpvc-cts-1-cementar-pieza/p/0503010062,0503010062,plomeria,cresco-codo-90-cpvc-cts-1-cementar-pieza
https://www.construrama.com/catalogo/plomeria/tuberia-hidraulica-y-conexiones/conexiones/foset-tee-de-cobre-reducida-34-x-12-x-12-pieza/p/0503010060,0503010060,plomeria,foset-tee-de-cobre-reducida-34-x-12-x-12-pieza
https://www.construrama.com/catalogo/plomeria/tuberia-hidraulica-y-conexiones/conexiones/cresco-codo-cpvc-cts-cementar-90x-12-pieza/p/0503010064,0503010064,plomeria,cresco-codo-cpvc-cts-cementar-90x-12-pieza
https://www.construrama.com/catalogo/plomeria/tuberia-hidraulica-y-conexiones/conexiones/codo-cpvc-90-x-12-pieza/p/0503010063,0503010063,plomeria,codo-cpvc-90-x-12-pieza
https://www.construrama.com/catalogo/plomeria/tuberia-hidraulica-y-conexiones/conexiones/codo-cpvc-90-x-12-coreja-pieza/p/0503010065,0503010065,plomeria,codo-cpvc-90-x-12-coreja-pieza
https://www.construrama.com/catalogo/plomeria/tuberia-hidraulica-y-conexiones/conexiones/cresco-codo-cpvc-cts-cementar-90x-34-pieza/p/0503010067,0503010067,plomeria,cresco-codo-cpvc-cts-cementar-90x-34-pieza
https://www.construrama.com/catalogo/plomeria/tuberia-hidraulica-y-conexiones/conexiones/codo-cpvc-90-x-34-pieza/p/0503010066,0503010066,plomeria,codo-cpvc-90-x-34-pieza
https://www.construrama.com/catalogo/plomeria/tuberia-hidraulica-y-conexiones/conexiones/cresco-codo-galvanizado-45-x-12-pieza/p/0503010068,0503010068,plomeria,cresco-codo-galvanizado-45-x-12-pieza
https://www.construrama.com/catalogo/plomeria/tuberia-hidraulica-y-conexiones/conexiones/cresco-codo-galvanizado-90-x-1-pieza/p/0503010069,0503010069,plomeria,cresco-codo-galvanizado-90-x-1-pieza
https://www.construrama.com/catalogo/plomeria/tuberia-hidraulica-y-conexiones/conexiones/codo-galvanizado-90-x-12-pieza/p/0503010070,0503010070,plomeria,codo-galvanizado-90-x-12-pieza
https://www.construrama.com/catalogo/plomeria/tuberia-hidraulica-y-conexiones/conexiones/cresco-codo-galvanizado-90-x-34-pieza/p/0503010071,0503010071,plomeria,cresco-codo-galvanizado-90-x-34-pieza
https://www.construrama.com/catalogo/plomeria/tuberia-hidraulica-y-conexiones/conexiones/codo-pvc-hidraulico-45-x-1-pieza/p/0503010073,0503010073,plomeria,codo-pvc-hidraulico-45-x-1-pieza
https://www.construrama.com/catalogo/plomeria/tuberia-hidraulica-y-conexiones/conexiones/codo-pvc-alcantarillado-s25-45-x10-pieza/p/0503010072,0503010072,plomeria,codo-pvc-alcantarillado-s25-45-x10-pieza
https://www.construrama.com/catalogo/plomeria/tuberia-hidraulica-y-conexiones/conexiones/codo-pvc-hidraulico-45-x-2-pieza/p/0503010074,0503010074,plomeria,codo-pvc-hidraulico-45-x-2-pieza
https://www.construrama.com/catalogo/plomeria/tuberia-hidraulica-y-conexiones/conexiones/codo-pvc-hidraulico-90-x-1-pieza/p/0503010075,0503010075,plomeria,codo-pvc-hidraulico-90-x-1-pieza
https://www.construrama.com/catalogo/plomeria/tuberia-hidraulica-y-conexiones/conexiones/codo-pvc-hidraulico-90-x-12-pieza/p/0503010076,0503010076,plomeria,codo-pvc-hidraulico-90-x-12-pieza
https://www.construrama.com/catalogo/herramientas/seguridad-industrial/proteccion-corporal/truper-playera-tipo-polo-blanca-talla-g-pieza/p/0707100240,0707100240,herramientas,truper-playera-tipo-polo-blanca-talla-g-pieza
https://www.construrama.com/catalogo/herramientas/seguridad-industrial/proteccion-corporal/truper-playera-tipo-polo-azul-talla-xg-pieza/p/0707100237,0707100237,herramientas,truper-playera-tipo-polo-azul-talla-xg-pieza
https://www.construrama.com/catalogo/herramientas/seguridad-industrial/proteccion-corporal/truper-playera-tipo-polo-blanca-talla-ch-pieza/p/0707100239,0707100239,herramientas,truper-playera-tipo-polo-blanca-talla-ch-pieza
https://www.construrama.com/catalogo/herramientas/seguridad-industrial/proteccion-corporal/truper-playera-tipo-polo-blanca-talla-m-pieza/p/0707100241,0707100241,herramientas,truper-playera-tipo-polo-blanca-talla-m-pieza
https://www.construrama.com/catalogo/herramientas/seguridad-industrial/proteccion-corporal/truper-playera-tipo-polo-blanca-talla-xg-pieza/p/0707100242,0707100242,herramientas,truper-playera-tipo-polo-blanca-talla-xg-pieza
https://www.construrama.com/catalogo/herramientas/seguridad-industrial/proteccion-corporal/truper-playera-tipo-polo-naranja-talla-ch-pieza/p/0707100244,0707100244,herramientas,truper-playera-tipo-polo-naranja-talla-ch-pieza
https://www.construrama.com/catalogo/herramientas/seguridad-industrial/proteccion-corporal/truper-playera-tipo-polo-blanca-talla-xxg-pieza/p/0707100243,0707100243,herramientas,truper-playera-tipo-polo-blanca-talla-xxg-pieza
https://www.construrama.com/catalogo/herramientas/seguridad-industrial/proteccion-corporal/truper-playera-tipo-polo-naranja-talla-m-pieza/p/0707100246,0707100246,herramientas,truper-playera-tipo-polo-naranja-talla-m-pieza
https://www.construrama.com/catalogo/herramientas/seguridad-industrial/proteccion-corporal/truper-playera-tipo-polo-naranja-talla-g-pieza/p/0707100245,0707100245,herramientas,truper-playera-tipo-polo-naranja-talla-g-pieza
https://www.construrama.com/catalogo/herramientas/seguridad-industrial/proteccion-corporal/truper-playera-tipo-polo-naranja-talla-xg-pieza/p/0707100247,0707100247,herramientas,truper-playera-tipo-polo-naranja-talla-xg-pieza
https://www.construrama.com/catalogo/herramientas/seguridad-industrial/proteccion-corporal/truper-playera-tipo-polo-naranja-talla-xxg-pieza/p/0707100248,0707100248,herramientas,truper-playera-tipo-polo-naranja-talla-xxg-pieza
https://www.construrama.com/catalogo/herramientas/seguridad-industrial/proteccion-corporal/truper-guantes-algodon-recubierto-con-nitrilo-puno-seguridad-pieza/p/0707100249,0707100249,herramientas,truper-guantes-algodon-recubierto-con-nitrilo-puno-seguridad-pieza
https://www.construrama.com/catalogo/herramientas/seguridad-industrial/proteccion-corporal/truper-guantes-de-carnaza-y-loneta-con-refuerzo-chicos-pieza/p/0707100250,0707100250,herramientas,truper-guantes-de-carnaza-y-loneta-con-refuerzo-chicos-pieza
https://www.construrama.com/catalogo/herramientas/seguridad-industrial/proteccion-corporal/truper-guantes-de-fibra-sintetica-anticorte-chicos-pieza/p/0707100251,0707100251,herramientas,truper-guantes-de-fibra-sintetica-anticorte-chicos-pieza
https://www.construrama.com/catalogo/herramientas/seguridad-industrial/proteccion-corporal/truper-guantes-de-fibra-sintetica-anticorte-grandes-pieza/p/0707100252,0707100252,herramientas,truper-guantes-de-fibra-sintetica-anticorte-grandes-pieza
https://www.construrama.com/catalogo/herramientas/seguridad-industrial/proteccion-corporal/pretul-guantes-de-latex-chicos-para-limpieza-pieza/p/0707100253,0707100253,herramientas,pretul-guantes-de-latex-chicos-para-limpieza-pieza
https://www.construrama.com/catalogo/herramientas/seguridad-industrial/proteccion-corporal/truper-guantes-de-latex-para-limpieza-chicos-pieza/p/0707100254,0707100254,herramientas,truper-guantes-de-latex-para-limpieza-chicos-pieza
https://www.construrama.com/catalogo/herramientas/seguridad-industrial/proteccion-corporal/truper-guantes-de-latex-multiusos-chico-pieza/p/0707100255,0707100255,herramientas,truper-guantes-de-latex-multiusos-chico-pieza
https://www.construrama.com/catalogo/herramientas/seguridad-industrial/proteccion-corporal/truper-guantes-de-latex-multiusos-extra-grande-pieza/p/0707100258,0707100258,herramientas,truper-guantes-de-latex-multiusos-extra-grande-pieza
https://www.construrama.com/catalogo/herramientas/seguridad-industrial/proteccion-corporal/truper-guantes-de-latex-multiusos-grande-pieza/p/0707100256,0707100256,herramientas,truper-guantes-de-latex-multiusos-grande-pieza
https://www.construrama.com/catalogo/herramientas/seguridad-industrial/proteccion-corporal/truper-guantes-industriales-puno-corto-talla-grande-pieza/p/0707100260,0707100260,herramientas,truper-guantes-industriales-puno-corto-talla-grande-pieza
https://www.construrama.com/catalogo/herramientas/seguridad-industrial/proteccion-corporal/truper-guantes-industriales-puno-corto-talla-mediana-pieza/p/0707100261,0707100261,herramientas,truper-guantes-industriales-puno-corto-talla-mediana-pieza
https://www.construrama.com/catalogo/herramientas/seguridad-industrial/proteccion-corporal/truper-guantes-de-latex-multiusos-mediano-pieza/p/0707100257,0707100257,herramientas,truper-guantes-de-latex-multiusos-mediano-pieza
https://www.construrama.com/catalogo/herramientas/seguridad-industrial/proteccion-corporal/truper-guantes-de-poliamida-recubiertos-de-nitrilo-chicos-pieza/p/0707100259,0707100259,herramientas,truper-guantes-de-poliamida-recubiertos-de-nitrilo-chicos-pieza
https://www.construrama.com/catalogo/herramientas/seguridad-industrial/proteccion-corporal/truper-guantes-industriales-medianos-pieza/p/0707100262,0707100262,herramientas,truper-guantes-industriales-medianos-pieza
https://www.construrama.com/catalogo/herramientas/seguridad-industrial/proteccion-corporal/truper-guantes-latex-limpieza-chicos-reforzados-pieza/p/0707100263,0707100263,herramientas,truper-guantes-latex-limpieza-chicos-reforzados-pieza
https://www.construrama.com/catalogo/herramientas/seguridad-industrial/proteccion-corporal/truper-guantes-para-manejo-de-quimicos-medianos-pieza/p/0707100265,0707100265,herramientas,truper-guantes-para-manejo-de-quimicos-medianos-pieza
https://www.construrama.com/catalogo/herramientas/seguridad-industrial/proteccion-corporal/truper-guantes-limpieza-nitrilo-verde-chicos-pieza/p/0707100264,0707100264,herramientas,truper-guantes-limpieza-nitrilo-verde-chicos-pieza
https://www.construrama.com/catalogo/herramientas/seguridad-industrial/proteccion-corporal/truper-guantes-piel-de-cabra-pieza/p/0707100267,0707100267,herramientas,truper-guantes-piel-de-cabra-pieza
https://www.construrama.com/catalogo/herramientas/seguridad-industrial/proteccion-corporal/truper-guantes-para-mecanico-alta-sensibilidad-pieza/p/0707100266,0707100266,herramientas,truper-guantes-para-mecanico-alta-sensibilidad-pieza
https://www.construrama.com/catalogo/herramientas/seguridad-industrial/proteccion-corporal/truper-guantes-piel-de-cabra-y-loneta-pieza/p/0707100268,0707100268,herramientas,truper-guantes-piel-de-cabra-y-loneta-pieza
https://www.construrama.com/catalogo/herramientas/seguridad-industrial/proteccion-corporal/pretul-zapatos-con-casco-23-negro-agujeta-bicolor-pieza/p/0707100270,0707100270,herramientas,pretul-zapatos-con-casco-23-negro-agujeta-bicolor-pieza
https://www.construrama.com/catalogo/herramientas/seguridad-industrial/proteccion-corporal/pretul-zapatos-con-casco-24-negro-agujeta-bicolor-pieza/p/0707100271,0707100271,herramientas,pretul-zapatos-con-casco-24-negro-agujeta-bicolor-pieza
https://www.construrama.com/catalogo/herramientas/seguridad-industrial/proteccion-corporal/truper-zapato-industrial-con-casquillo-30-cafe-pieza/p/0707100269,0707100269,herramientas,truper-zapato-industrial-con-casquillo-30-cafe-pieza
https://www.construrama.com/catalogo/herramientas/seguridad-industrial/proteccion-corporal/truper-zapatos-dielectricos-con-casquillo-25-negro-pieza/p/0707100272,0707100272,herramientas,truper-zapatos-dielectricos-con-casquillo-25-negro-pieza
https://www.construrama.com/catalogo/herramientas/seguridad-industrial/proteccion-corporal/truper-zapatos-dielectricos-con-casquillo-30-cafe-pieza/p/0707100273,0707100273,herramientas,truper-zapatos-dielectricos-con-casquillo-30-cafe-pieza
https://www.construrama.com/catalogo/herramientas/seguridad-industrial/proteccion-corporal/phvargas-careta-para-soldar-hp-pieza/p/0707100276,0707100276,herramientas,phvargas-careta-para-soldar-hp-pieza
https://www.construrama.com/catalogo/herramientas/seguridad-industrial/proteccion-corporal/mascarilla-desechable-blanca-pieza/p/0707100277,0707100277,herramientas,mascarilla-desechable-blanca-pieza
https://www.construrama.com/catalogo/herramientas/seguridad-industrial/proteccion-corporal/truper-zapatos-industriales-con-casquillo-30-negro-pieza/p/0707100274,0707100274,herramientas,truper-zapatos-industriales-con-casquillo-30-negro-pieza
https://www.construrama.com/catalogo/herramientas/seguridad-industrial/proteccion-corporal/truper-ancla-de-conexion-para-arneses-90-cm-pieza/p/0707100279,0707100279,herramientas,truper-ancla-de-conexion-para-arneses-90-cm-pieza
https://www.construrama.com/catalogo/herramientas/seguridad-industrial/proteccion-corporal/truper-faja-con-cinturon-de-malla-talla-mediana-pieza/p/0707100275,0707100275,herramientas,truper-faja-con-cinturon-de-malla-talla-mediana-pieza
https://www.construrama.com/catalogo/herramientas/seguridad-industrial/proteccion-corporal/truper-gorra-con-reflejante-pieza/p/0707100282,0707100282,herramientas,truper-gorra-con-reflejante-pieza
https://www.construrama.com/catalogo/herramientas/seguridad-industrial/proteccion-corporal/3m-mascarilla-para-polvo-desechable-8880-pieza/p/0707100278,0707100278,herramientas,3m-mascarilla-para-polvo-desechable-8880-pieza
https://www.construrama.com/catalogo/herramientas/seguridad-industrial/proteccion-corporal/truper-cordon-para-lentes-de-seguridad-pieza/p/0707100280,0707100280,herramientas,truper-cordon-para-lentes-de-seguridad-pieza
https://www.construrama.com/catalogo/herramientas/seguridad-industrial/proteccion-corporal/truper-guantes-para-mecanico-cortos-pieza/p/0707100283,0707100283,herramientas,truper-guantes-para-mecanico-cortos-pieza
https://www.construrama.com/catalogo/herramientas/seguridad-industrial/proteccion-corporal/truper-gabardina-talla-x-grande-pvc-pieza/p/0707100281,0707100281,herramientas,truper-gabardina-talla-x-grande-pvc-pieza
https://www.construrama.com/catalogo/herramientas/seguridad-industrial/proteccion-corporal/truper-kit-respirador-profesional-con-cartuchos-pintura-y-pesticida-pieza/p/0707100284,0707100284,herramientas,truper-kit-respirador-profesional-con-cartuchos-pintura-y-pesticida-pieza
https://www.construrama.com/catalogo/herramientas/seguridad-industrial/proteccion-corporal/surtek-careta-para-soldar-de-vision-amplia-pieza/p/0707100285,0707100285,herramientas,surtek-careta-para-soldar-de-vision-amplia-pieza
https://www.construrama.com/catalogo/herramientas/seguridad-industrial/proteccion-corporal/foy-careta-para-soldar-ventana-movil-pieza/p/0707100286,0707100286,herramientas,foy-careta-para-soldar-ventana-movil-pieza
https://www.construrama.com/catalogo/herramientas/seguridad-industrial/proteccion-corporal/surtek-mascarilla-blanca-para-polvo-pieza/p/0707100287,0707100287,herramientas,surtek-mascarilla-blanca-para-polvo-pieza
https://www.construrama.com/catalogo/herramientas/seguridad-industrial/proteccion-corporal/pretul-guante-de-nylon-rec-de-poliuretano-m-pieza/p/0707100289,0707100289,herramientas,pretul-guante-de-nylon-rec-de-poliuretano-m-pieza
https://www.construrama.com/catalogo/herramientas/seguridad-industrial/proteccion-corporal/pretul-guante-de-nylon-rec-de-poliuretano-g-pieza/p/0707100288,0707100288,herramientas,pretul-guante-de-nylon-rec-de-poliuretano-g-pieza
https://www.construrama.com/catalogo/herramientas/seguridad-industrial/proteccion-corporal/truper-guantes-nitrilo-en-palma-y-dorso-negro-m-pieza/p/0707100290,0707100290,herramientas,truper-guantes-nitrilo-en-palma-y-dorso-negro-m-pieza
https://www.construrama.com/catalogo/herramientas/seguridad-industrial/proteccion-corporal/truper-faja-ventilada-con-tirantes-talla-extragrande-pieza/p/0707100291,0707100291,herramientas,truper-faja-ventilada-con-tirantes-talla-extragrande-pieza
https://www.construrama.com/catalogo/herramientas/seguridad-industrial/proteccion-corporal/truper-mandil-bordado-al-frente-estampado-al-do-pieza/p/0707100292,0707100292,herramientas,truper-mandil-bordado-al-frente-estampado-al-do-pieza
https://www.construrama.com/catalogo/herramientas/seguridad-industrial/proteccion-corporal/surtek-impermeable-con-reflejantes-2-piezas-talla-chica-pieza/p/0707100293,0707100293,herramientas,surtek-impermeable-con-reflejantes-2-piezas-talla-chica-pieza
https://www.construrama.com/catalogo/herramientas/seguridad-industrial/proteccion-corporal/surtek-impermeable-con-reflejantes-2-piezas-talla-mediana-pieza/p/0707100294,0707100294,herramientas,surtek-impermeable-con-reflejantes-2-piezas-talla-mediana-pieza
https://www.construrama.com/catalogo/herramientas/seguridad-industrial/proteccion-corporal/surtek-impermeable-con-reflejantes-2-piezas-talla-grande-pieza/p/0707100295,0707100295,herramientas,surtek-impermeable-con-reflejantes-2-piezas-talla-grande-pieza
https://www.construrama.com/catalogo/herramientas/seguridad-industrial/proteccion-corporal/surtek-impermeable-con-reflejantes-2-piezas-talla-extra-grande-pieza/p/0707100296,0707100296,herramientas,surtek-impermeable-con-reflejantes-2-piezas-talla-extra-grande-pieza
https://www.construrama.com/catalogo/herramientas/seguridad-industrial/proteccion-corporal/surtek-gabardina-impermeable-con-reflejantes-talla-chica-pieza/p/0707100297,0707100297,herramientas,surtek-gabardina-impermeable-con-reflejantes-talla-chica-pieza
https://www.construrama.com/catalogo/herramientas/seguridad-industrial/proteccion-corporal/surtek-gabardina-impermeable-con-reflejantes-talla-mediana-pieza/p/0707100298,0707100298,herramientas,surtek-gabardina-impermeable-con-reflejantes-talla-mediana-pieza
https://www.construrama.com/catalogo/herramientas/seguridad-industrial/proteccion-corporal/surtek-gabardina-impermeable-con-reflejantes-talla-grande-pieza/p/0707100299,0707100299,herramientas,surtek-gabardina-impermeable-con-reflejantes-talla-grande-pieza
https://www.construrama.com/catalogo/herramientas/seguridad-industrial/proteccion-corporal/surtek-impermeable-alta-visibilidad-2-piezas-talla-chica-pieza/p/0707100301,0707100301,herramientas,surtek-impermeable-alta-visibilidad-2-piezas-talla-chica-pieza
https://www.construrama.com/catalogo/herramientas/seguridad-industrial/proteccion-corporal/surtek-impermeable-alta-visibilidad-2-piezas-talla-mediana-pieza/p/0707100302,0707100302,herramientas,surtek-impermeable-alta-visibilidad-2-piezas-talla-mediana-pieza
https://www.construrama.com/catalogo/herramientas/seguridad-industrial/proteccion-corporal/surtek-impermeable-alta-visibilidad-2-piezas-talla-grande-pieza/p/0707100303,0707100303,herramientas,surtek-impermeable-alta-visibilidad-2-piezas-talla-grande-pieza
https://www.construrama.com/catalogo/herramientas/seguridad-industrial/proteccion-corporal/surtek-gabardina-impermeable-con-reflejantes-talla-extra-grande-pieza/p/0707100300,0707100300,herramientas,surtek-gabardina-impermeable-con-reflejantes-talla-extra-grande-pieza
https://www.construrama.com/catalogo/herramientas/seguridad-industrial/proteccion-corporal/surtek-gabardina-impermeable-alta-visibilidad-talla-chica-pieza/p/0707100305,0707100305,herramientas,surtek-gabardina-impermeable-alta-visibilidad-talla-chica-pieza
https://www.construrama.com/catalogo/herramientas/seguridad-industrial/proteccion-corporal/surtek-gabardina-impermeable-alta-visibilidad-talla-mediana-pieza/p/0707100306,0707100306,herramientas,surtek-gabardina-impermeable-alta-visibilidad-talla-mediana-pieza
https://www.construrama.com/catalogo/herramientas/seguridad-industrial/proteccion-corporal/surtek-impermeable-alta-visibilidad-2-piezas-talla-extra-grande-pieza/p/0707100304,0707100304,herramientas,surtek-impermeable-alta-visibilidad-2-piezas-talla-extra-grande-pieza
https://www.construrama.com/catalogo/herramientas/seguridad-industrial/proteccion-corporal/surtek-gabardina-impermeable-alta-visibilidad-talla-grande-pieza/p/0707100307,0707100307,herramientas,surtek-gabardina-impermeable-alta-visibilidad-talla-grande-pieza
https://www.construrama.com/catalogo/herramientas/seguridad-industrial/proteccion-corporal/surtek-gabardina-impermeable-alta-visibilidad-talla-extra-grande-pieza/p/0707100308,0707100308,herramientas,surtek-gabardina-impermeable-alta-visibilidad-talla-extra-grande-pieza
https://www.construrama.com/catalogo/herramientas/seguridad-industrial/proteccion-corporal/surtek-impermeable-2-piezas-talla-chica-pieza/p/0707100309,0707100309,herramientas,surtek-impermeable-2-piezas-talla-chica-pieza
https://www.construrama.com/catalogo/herramientas/seguridad-industrial/proteccion-corporal/surtek-impermeable-2-piezas-talla-grande-pieza/p/0707100311,0707100311,herramientas,surtek-impermeable-2-piezas-talla-grande-pieza
https://www.construrama.com/catalogo/herramientas/seguridad-industrial/proteccion-corporal/surtek-impermeable-2-piezas-talla-extra-grande-pieza/p/0707100312,0707100312,herramientas,surtek-impermeable-2-piezas-talla-extra-grande-pieza
https://www.construrama.com/catalogo/herramientas/seguridad-industrial/proteccion-corporal/surtek-gabardina-impermeable-talla-chica-pieza/p/0707100313,0707100313,herramientas,surtek-gabardina-impermeable-talla-chica-pieza
https://www.construrama.com/catalogo/herramientas/seguridad-industrial/proteccion-corporal/surtek-impermeable-2-piezas-talla-mediana-pieza/p/0707100310,0707100310,herramientas,surtek-impermeable-2-piezas-talla-mediana-pieza
https://www.construrama.com/catalogo/herramientas/seguridad-industrial/proteccion-corporal/surtek-gabardina-impermeable-talla-extra-grande-pieza/p/0707100316,0707100316,herramientas,surtek-gabardina-impermeable-talla-extra-grande-pieza
https://www.construrama.com/catalogo/herramientas/seguridad-industrial/proteccion-corporal/surtek-gabardina-impermeable-talla-mediana-pieza/p/0707100314,0707100314,herramientas,surtek-gabardina-impermeable-talla-mediana-pieza
https://www.construrama.com/catalogo/herramientas/seguridad-industrial/proteccion-corporal/surtek-gabardina-impermeable-talla-grande-pieza/p/0707100315,0707100315,herramientas,surtek-gabardina-impermeable-talla-grande-pieza
https://www.construrama.com/catalogo/herramientas/seguridad-industrial/proteccion-corporal/surtek-impermeable-2-piezas-talla-grande-pieza/p/0707100319,0707100319,herramientas,surtek-impermeable-2-piezas-talla-grande-pieza
https://www.construrama.com/catalogo/herramientas/seguridad-industrial/proteccion-corporal/surtek-gabardina-impermeable-talla-chica-pieza/p/0707100321,0707100321,herramientas,surtek-gabardina-impermeable-talla-chica-pieza
https://www.construrama.com/catalogo/herramientas/seguridad-industrial/proteccion-corporal/surtek-impermeable-2-piezas-talla-extra-grande-pieza/p/0707100320,0707100320,herramientas,surtek-impermeable-2-piezas-talla-extra-grande-pieza
https://www.construrama.com/catalogo/herramientas/seguridad-industrial/proteccion-corporal/surtek-impermeable-2-piezas-talla-chica-pieza/p/0707100317,0707100317,herramientas,surtek-impermeable-2-piezas-talla-chica-pieza
https://www.construrama.com/catalogo/herramientas/seguridad-industrial/proteccion-corporal/surtek-impermeable-2-piezas-talla-mediana-pieza/p/0707100318,0707100318,herramientas,surtek-impermeable-2-piezas-talla-mediana-pieza
https://www.construrama.com/catalogo/herramientas/seguridad-industrial/proteccion-corporal/surtek-gabardina-impermeable-talla-mediana-pieza/p/0707100322,0707100322,herramientas,surtek-gabardina-impermeable-talla-mediana-pieza
https://www.construrama.com/catalogo/herramientas/seguridad-industrial/proteccion-corporal/surtek-gabardina-impermeable-talla-extra-grande-pieza/p/0707100324,0707100324,herramientas,surtek-gabardina-impermeable-talla-extra-grande-pieza
https://www.construrama.com/catalogo/herramientas/seguridad-industrial/proteccion-corporal/surtek-botas-seguridad-clasica-26-pieza/p/0707100325,0707100325,herramientas,surtek-botas-seguridad-clasica-26-pieza
https://www.construrama.com/catalogo/herramientas/seguridad-industrial/proteccion-corporal/surtek-gabardina-impermeable-talla-grande-pieza/p/0707100323,0707100323,herramientas,surtek-gabardina-impermeable-talla-grande-pieza
https://www.construrama.com/catalogo/herramientas/seguridad-industrial/proteccion-corporal/surtek-botas-seguridad-clasica-265-pieza/p/0707100326,0707100326,herramientas,surtek-botas-seguridad-clasica-265-pieza
https://www.construrama.com/catalogo/herramientas/seguridad-industrial/proteccion-corporal/surtek-botas-seguridad-clasica-27-pieza/p/0707100327,0707100327,herramientas,surtek-botas-seguridad-clasica-27-pieza
https://www.construrama.com/catalogo/herramientas/seguridad-industrial/proteccion-corporal/surtek-botas-seguridad-clasica-275-pieza/p/0707100328,0707100328,herramientas,surtek-botas-seguridad-clasica-275-pieza
https://www.construrama.com/catalogo/herramientas/seguridad-industrial/proteccion-corporal/surtek-botas-seguridad-clasica-28-pieza/p/0707100329,0707100329,herramientas,surtek-botas-seguridad-clasica-28-pieza
https://www.construrama.com/catalogo/herramientas/seguridad-industrial/proteccion-corporal/surtek-botas-seguridad-clasica-29-pieza/p/0707100331,0707100331,herramientas,surtek-botas-seguridad-clasica-29-pieza
https://www.construrama.com/catalogo/herramientas/seguridad-industrial/proteccion-corporal/surtek-botas-seguridad-clasica-285-pieza/p/0707100330,0707100330,herramientas,surtek-botas-seguridad-clasica-285-pieza
https://www.construrama.com/catalogo/herramientas/seguridad-industrial/proteccion-corporal/surtek-botas-seguridad-clasica-30-pieza/p/0707100332,0707100332,herramientas,surtek-botas-seguridad-clasica-30-pieza
https://www.construrama.com/catalogo/herramientas/seguridad-industrial/proteccion-corporal/foy-botas-seguridad-27-pieza/p/0707100333,0707100333,herramientas,foy-botas-seguridad-27-pieza
https://www.construrama.com/catalogo/herramientas/seguridad-industrial/proteccion-corporal/foy-botas-seguridad-275-pieza/p/0707100334,0707100334,herramientas,foy-botas-seguridad-275-pieza
https://www.construrama.com/catalogo/herramientas/seguridad-industrial/proteccion-corporal/foy-botas-seguridad-28-pieza/p/0707100335,0707100335,herramientas,foy-botas-seguridad-28-pieza
https://www.construrama.com/catalogo/herramientas/seguridad-industrial/proteccion-corporal/foy-botas-seguridad-285-pieza/p/0707100336,0707100336,herramientas,foy-botas-seguridad-285-pieza
https://www.construrama.com/catalogo/herramientas/seguridad-industrial/proteccion-corporal/foy-botas-seguridad-29-pieza/p/0707100337,0707100337,herramientas,foy-botas-seguridad-29-pieza
https://www.construrama.com/catalogo/herramientas/seguridad-industrial/proteccion-corporal/urrea-botas-de-seguridad-dielectricas-sport-talla-26-pieza/p/0707100340,0707100340,herramientas,urrea-botas-de-seguridad-dielectricas-sport-talla-26-pieza
https://www.construrama.com/catalogo/herramientas/seguridad-industrial/proteccion-corporal/urrea-botas-de-seguridad-dielectricas-sport-talla-265-pieza/p/0707100341,0707100341,herramientas,urrea-botas-de-seguridad-dielectricas-sport-talla-265-pieza
https://www.construrama.com/catalogo/herramientas/seguridad-industrial/proteccion-corporal/foy-botas-seguridad-30-pieza/p/0707100338,0707100338,herramientas,foy-botas-seguridad-30-pieza
https://www.construrama.com/catalogo/herramientas/seguridad-industrial/proteccion-corporal/urrea-botas-de-seguridad-dielectricas-sport-talla-25-pieza/p/0707100339,0707100339,herramientas,urrea-botas-de-seguridad-dielectricas-sport-talla-25-pieza
https://www.construrama.com/catalogo/herramientas/seguridad-industrial/proteccion-corporal/urrea-botas-de-seguridad-dielectricas-sport-talla-27-pieza/p/0707100342,0707100342,herramientas,urrea-botas-de-seguridad-dielectricas-sport-talla-27-pieza
https://www.construrama.com/catalogo/herramientas/seguridad-industrial/proteccion-corporal/urrea-botas-de-seguridad-dielectricas-sport-talla-275-pieza/p/0707100343,0707100343,herramientas,urrea-botas-de-seguridad-dielectricas-sport-talla-275-pieza
https://www.construrama.com/catalogo/herramientas/seguridad-industrial/proteccion-corporal/urrea-botas-de-seguridad-dielectricas-sport-talla-28-pieza/p/0707100344,0707100344,herramientas,urrea-botas-de-seguridad-dielectricas-sport-talla-28-pieza
https://www.construrama.com/catalogo/herramientas/seguridad-industrial/proteccion-corporal/urrea-botas-de-seguridad-dielectricas-sport-talla-285-pieza/p/0707100345,0707100345,herramientas,urrea-botas-de-seguridad-dielectricas-sport-talla-285-pieza
https://www.construrama.com/catalogo/herramientas/seguridad-industrial/proteccion-corporal/urrea-botas-de-seguridad-dielectricas-sport-talla-29-pieza/p/0707100346,0707100346,herramientas,urrea-botas-de-seguridad-dielectricas-sport-talla-29-pieza
https://www.construrama.com/catalogo/herramientas/seguridad-industrial/proteccion-corporal/urrea-botas-de-seguridad-dielectricas-sport-talla-30-pieza/p/0707100347,0707100347,herramientas,urrea-botas-de-seguridad-dielectricas-sport-talla-30-pieza
https://www.construrama.com/catalogo/herramientas/seguridad-industrial/proteccion-corporal/urrea-botas-de-seguridad-dielectricas-top-confort-talla-26-pieza/p/0707100349,0707100349,herramientas,urrea-botas-de-seguridad-dielectricas-top-confort-talla-26-pieza
https://www.construrama.com/catalogo/herramientas/seguridad-industrial/proteccion-corporal/urrea-botas-de-seguridad-dielectricas-top-confort-talla-265-pieza/p/0707100350,0707100350,herramientas,urrea-botas-de-seguridad-dielectricas-top-confort-talla-265-pieza
https://www.construrama.com/catalogo/herramientas/seguridad-industrial/proteccion-corporal/urrea-botas-de-seguridad-dielectricas-top-confort-talla-27-pieza/p/0707100351,0707100351,herramientas,urrea-botas-de-seguridad-dielectricas-top-confort-talla-27-pieza
https://www.construrama.com/catalogo/herramientas/seguridad-industrial/proteccion-corporal/urrea-botas-de-seguridad-dielectricas-top-confort-talla-275-pieza/p/0707100352,0707100352,herramientas,urrea-botas-de-seguridad-dielectricas-top-confort-talla-275-pieza
https://www.construrama.com/catalogo/herramientas/seguridad-industrial/proteccion-corporal/urrea-botas-de-seguridad-dielectricas-top-confort-talla-25-pieza/p/0707100348,0707100348,herramientas,urrea-botas-de-seguridad-dielectricas-top-confort-talla-25-pieza
https://www.construrama.com/catalogo/herramientas/seguridad-industrial/proteccion-corporal/urrea-botas-de-seguridad-dielectricas-top-confort-talla-28-pieza/p/0707100353,0707100353,herramientas,urrea-botas-de-seguridad-dielectricas-top-confort-talla-28-pieza
https://www.construrama.com/catalogo/herramientas/seguridad-industrial/proteccion-corporal/urrea-botas-de-seguridad-dielectricas-top-confort-talla-29-pieza/p/0707100355,0707100355,herramientas,urrea-botas-de-seguridad-dielectricas-top-confort-talla-29-pieza
https://www.construrama.com/catalogo/herramientas/seguridad-industrial/proteccion-corporal/urrea-botas-de-seguridad-dielectricas-top-confort-talla-30-pieza/p/0707100356,0707100356,herramientas,urrea-botas-de-seguridad-dielectricas-top-confort-talla-30-pieza
https://www.construrama.com/catalogo/herramientas/seguridad-industrial/proteccion-corporal/urrea-botas-de-seguridad-dielectricas-top-confort-talla-285-pieza/p/0707100354,0707100354,herramientas,urrea-botas-de-seguridad-dielectricas-top-confort-talla-285-pieza
https://www.construrama.com/catalogo/herramientas/seguridad-industrial/proteccion-corporal/urrea-botas-de-seguridad-dielectricas-top-confort-talla-31-pieza/p/0707100357,0707100357,herramientas,urrea-botas-de-seguridad-dielectricas-top-confort-talla-31-pieza
https://www.construrama.com/catalogo/herramientas/seguridad-industrial/proteccion-corporal/urrea-botas-de-seguridad-dielectricas-top-confort-talla-32-pieza/p/0707100358,0707100358,herramientas,urrea-botas-de-seguridad-dielectricas-top-confort-talla-32-pieza
https://www.construrama.com/catalogo/herramientas/seguridad-industrial/proteccion-corporal/urrea-botas-de-seguridad-alta-visibilidad-talla-25-pieza/p/0707100359,0707100359,herramientas,urrea-botas-de-seguridad-alta-visibilidad-talla-25-pieza
https://www.construrama.com/catalogo/herramientas/seguridad-industrial/proteccion-corporal/urrea-botas-de-seguridad-alta-visibilidad-talla-26-pieza/p/0707100360,0707100360,herramientas,urrea-botas-de-seguridad-alta-visibilidad-talla-26-pieza
https://www.construrama.com/catalogo/herramientas/seguridad-industrial/proteccion-corporal/urrea-botas-de-seguridad-alta-visibilidad-talla-265-pieza/p/0707100361,0707100361,herramientas,urrea-botas-de-seguridad-alta-visibilidad-talla-265-pieza
https://www.construrama.com/catalogo/herramientas/seguridad-industrial/proteccion-corporal/urrea-botas-de-seguridad-alta-visibilidad-talla-27-pieza/p/0707100362,0707100362,herramientas,urrea-botas-de-seguridad-alta-visibilidad-talla-27-pieza
https://www.construrama.com/catalogo/herramientas/seguridad-industrial/proteccion-corporal/urrea-botas-de-seguridad-alta-visibilidad-talla-275-pieza/p/0707100363,0707100363,herramientas,urrea-botas-de-seguridad-alta-visibilidad-talla-275-pieza
https://www.construrama.com/catalogo/herramientas/seguridad-industrial/proteccion-corporal/urrea-botas-de-seguridad-alta-visibilidad-talla-28-pieza/p/0707100364,0707100364,herramientas,urrea-botas-de-seguridad-alta-visibilidad-talla-28-pieza
https://www.construrama.com/catalogo/herramientas/seguridad-industrial/proteccion-corporal/urrea-botas-de-seguridad-alta-visibilidad-talla-29-pieza/p/0707100366,0707100366,herramientas,urrea-botas-de-seguridad-alta-visibilidad-talla-29-pieza
https://www.construrama.com/catalogo/herramientas/seguridad-industrial/proteccion-corporal/urrea-botas-de-seguridad-alta-visibilidad-talla-30-pieza/p/0707100367,0707100367,herramientas,urrea-botas-de-seguridad-alta-visibilidad-talla-30-pieza
https://www.construrama.com/catalogo/herramientas/seguridad-industrial/proteccion-corporal/urrea-botas-de-seguridad-alta-visibilidad-talla-285-pieza/p/0707100365,0707100365,herramientas,urrea-botas-de-seguridad-alta-visibilidad-talla-285-pieza
https://www.construrama.com/catalogo/herramientas/seguridad-industrial/proteccion-corporal/urrea-botas-de-seguridad-tipo-roper-talla-24-pieza/p/0707100368,0707100368,herramientas,urrea-botas-de-seguridad-tipo-roper-talla-24-pieza
https://www.construrama.com/catalogo/herramientas/seguridad-industrial/proteccion-corporal/urrea-botas-de-seguridad-tipo-roper-talla-26-pieza/p/0707100370,0707100370,herramientas,urrea-botas-de-seguridad-tipo-roper-talla-26-pieza
https://www.construrama.com/catalogo/herramientas/seguridad-industrial/proteccion-corporal/urrea-botas-de-seguridad-tipo-roper-talla-265-pieza/p/0707100371,0707100371,herramientas,urrea-botas-de-seguridad-tipo-roper-talla-265-pieza
https://www.construrama.com/catalogo/herramientas/seguridad-industrial/proteccion-corporal/urrea-botas-de-seguridad-tipo-roper-talla-27-pieza/p/0707100372,0707100372,herramientas,urrea-botas-de-seguridad-tipo-roper-talla-27-pieza
https://www.construrama.com/catalogo/herramientas/seguridad-industrial/proteccion-corporal/urrea-botas-de-seguridad-tipo-roper-talla-25-pieza/p/0707100369,0707100369,herramientas,urrea-botas-de-seguridad-tipo-roper-talla-25-pieza
https://www.construrama.com/catalogo/herramientas/seguridad-industrial/proteccion-corporal/urrea-botas-de-seguridad-tipo-roper-talla-28-pieza/p/0707100374,0707100374,herramientas,urrea-botas-de-seguridad-tipo-roper-talla-28-pieza
https://www.construrama.com/catalogo/herramientas/seguridad-industrial/proteccion-corporal/urrea-botas-de-seguridad-tipo-roper-talla-275-pieza/p/0707100373,0707100373,herramientas,urrea-botas-de-seguridad-tipo-roper-talla-275-pieza
https://www.construrama.com/catalogo/herramientas/seguridad-industrial/proteccion-corporal/urrea-botas-de-seguridad-tipo-roper-talla-29-pieza/p/0707100376,0707100376,herramientas,urrea-botas-de-seguridad-tipo-roper-talla-29-pieza
https://www.construrama.com/catalogo/herramientas/seguridad-industrial/proteccion-corporal/urrea-botas-de-seguridad-tipo-roper-talla-30-pieza/p/0707100377,0707100377,herramientas,urrea-botas-de-seguridad-tipo-roper-talla-30-pieza
https://www.construrama.com/catalogo/herramientas/seguridad-industrial/proteccion-corporal/urrea-botas-de-seguridad-para-altas-temperaturas-talla-25-pieza/p/0707100378,0707100378,herramientas,urrea-botas-de-seguridad-para-altas-temperaturas-talla-25-pieza
https://www.construrama.com/catalogo/herramientas/seguridad-industrial/proteccion-corporal/urrea-botas-de-seguridad-para-altas-temperaturas-talla-26-pieza/p/0707100379,0707100379,herramientas,urrea-botas-de-seguridad-para-altas-temperaturas-talla-26-pieza
https://www.construrama.com/catalogo/herramientas/seguridad-industrial/proteccion-corporal/urrea-botas-de-seguridad-para-altas-temperaturas-talla-265-pieza/p/0707100380,0707100380,herramientas,urrea-botas-de-seguridad-para-altas-temperaturas-talla-265-pieza
https://www.construrama.com/catalogo/herramientas/seguridad-industrial/proteccion-corporal/urrea-botas-de-seguridad-para-altas-temperaturas-talla-27-pieza/p/0707100381,0707100381,herramientas,urrea-botas-de-seguridad-para-altas-temperaturas-talla-27-pieza
https://www.construrama.com/catalogo/herramientas/seguridad-industrial/proteccion-corporal/urrea-botas-de-seguridad-tipo-roper-talla-285-pieza/p/0707100375,0707100375,herramientas,urrea-botas-de-seguridad-tipo-roper-talla-285-pieza
https://www.construrama.com/catalogo/herramientas/seguridad-industrial/proteccion-corporal/urrea-botas-de-seguridad-para-altas-temperaturas-talla-275-pieza/p/0707100382,0707100382,herramientas,urrea-botas-de-seguridad-para-altas-temperaturas-talla-275-pieza
https://www.construrama.com/catalogo/herramientas/seguridad-industrial/proteccion-corporal/urrea-botas-de-seguridad-para-altas-temperaturas-talla-28-pieza/p/0707100383,0707100383,herramientas,urrea-botas-de-seguridad-para-altas-temperaturas-talla-28-pieza
https://www.construrama.com/catalogo/herramientas/seguridad-industrial/proteccion-corporal/urrea-botas-de-seguridad-para-altas-temperaturas-talla-285-pieza/p/0707100384,0707100384,herramientas,urrea-botas-de-seguridad-para-altas-temperaturas-talla-285-pieza
https://www.construrama.com/catalogo/herramientas/seguridad-industrial/proteccion-corporal/urrea-botas-de-seguridad-para-altas-temperaturas-talla-29-pieza/p/0707100385,0707100385,herramientas,urrea-botas-de-seguridad-para-altas-temperaturas-talla-29-pieza
https://www.construrama.com/catalogo/herramientas/seguridad-industrial/proteccion-corporal/urrea-botas-de-seguridad-para-altas-temperaturas-talla-30-pieza/p/0707100386,0707100386,herramientas,urrea-botas-de-seguridad-para-altas-temperaturas-talla-30-pieza
https://www.construrama.com/catalogo/herramientas/seguridad-industrial/proteccion-corporal/urrea-botas-de-seguridad-tacticas-talla-25-pieza/p/0707100387,0707100387,herramientas,urrea-botas-de-seguridad-tacticas-talla-25-pieza
https://www.construrama.com/catalogo/herramientas/seguridad-industrial/proteccion-corporal/urrea-botas-de-seguridad-tacticas-talla-26-pieza/p/0707100388,0707100388,herramientas,urrea-botas-de-seguridad-tacticas-talla-26-pieza
https://www.construrama.com/catalogo/herramientas/seguridad-industrial/proteccion-corporal/urrea-botas-de-seguridad-tacticas-talla-27-pieza/p/0707100390,0707100390,herramientas,urrea-botas-de-seguridad-tacticas-talla-27-pieza
https://www.construrama.com/catalogo/herramientas/seguridad-industrial/proteccion-corporal/urrea-botas-de-seguridad-tacticas-talla-275-pieza/p/0707100391,0707100391,herramientas,urrea-botas-de-seguridad-tacticas-talla-275-pieza
https://www.construrama.com/catalogo/herramientas/seguridad-industrial/proteccion-corporal/urrea-botas-de-seguridad-tacticas-talla-265-pieza/p/0707100389,0707100389,herramientas,urrea-botas-de-seguridad-tacticas-talla-265-pieza
https://www.construrama.com/catalogo/herramientas/seguridad-industrial/proteccion-corporal/urrea-botas-de-seguridad-tacticas-talla-28-pieza/p/0707100392,0707100392,herramientas,urrea-botas-de-seguridad-tacticas-talla-28-pieza
https://www.construrama.com/catalogo/herramientas/seguridad-industrial/proteccion-corporal/urrea-botas-de-seguridad-tacticas-talla-29-pieza/p/0707100394,0707100394,herramientas,urrea-botas-de-seguridad-tacticas-talla-29-pieza
https://www.construrama.com/catalogo/herramientas/seguridad-industrial/proteccion-corporal/urrea-botas-de-seguridad-tacticas-talla-285-pieza/p/0707100393,0707100393,herramientas,urrea-botas-de-seguridad-tacticas-talla-285-pieza
https://www.construrama.com/catalogo/herramientas/seguridad-industrial/proteccion-corporal/urrea-botas-de-seguridad-tacticas-talla-30-pieza/p/0707100395,0707100395,herramientas,urrea-botas-de-seguridad-tacticas-talla-30-pieza
https://www.construrama.com/catalogo/herramientas/seguridad-industrial/proteccion-corporal/urrea-botas-de-seguridad-ultra-ligeras-talla-25-pieza/p/0707100396,0707100396,herramientas,urrea-botas-de-seguridad-ultra-ligeras-talla-25-pieza
https://www.construrama.com/catalogo/herramientas/seguridad-industrial/proteccion-corporal/urrea-botas-de-seguridad-ultra-ligeras-talla-27-pieza/p/0707100399,0707100399,herramientas,urrea-botas-de-seguridad-ultra-ligeras-talla-27-pieza
https://www.construrama.com/catalogo/herramientas/seguridad-industrial/proteccion-corporal/urrea-botas-de-seguridad-ultra-ligeras-talla-275-pieza/p/0707100400,0707100400,herramientas,urrea-botas-de-seguridad-ultra-ligeras-talla-275-pieza
https://www.construrama.com/catalogo/herramientas/seguridad-industrial/proteccion-corporal/urrea-botas-de-seguridad-ultra-ligeras-talla-265-pieza/p/0707100398,0707100398,herramientas,urrea-botas-de-seguridad-ultra-ligeras-talla-265-pieza
https://www.construrama.com/catalogo/herramientas/seguridad-industrial/proteccion-corporal/urrea-botas-de-seguridad-ultra-ligeras-talla-26-pieza/p/0707100397,0707100397,herramientas,urrea-botas-de-seguridad-ultra-ligeras-talla-26-pieza
https://www.construrama.com/catalogo/herramientas/seguridad-industrial/proteccion-corporal/urrea-botas-de-seguridad-ultra-ligeras-talla-29-pieza/p/0707100403,0707100403,herramientas,urrea-botas-de-seguridad-ultra-ligeras-talla-29-pieza
https://www.construrama.com/catalogo/herramientas/seguridad-industrial/proteccion-corporal/urrea-botas-de-seguridad-ultra-ligeras-talla-30-pieza/p/0707100404,0707100404,herramientas,urrea-botas-de-seguridad-ultra-ligeras-talla-30-pieza
https://www.construrama.com/catalogo/herramientas/seguridad-industrial/proteccion-corporal/urrea-botas-de-seguridad-ultra-ligeras-talla-28-pieza/p/0707100401,0707100401,herramientas,urrea-botas-de-seguridad-ultra-ligeras-talla-28-pieza
https://www.construrama.com/catalogo/herramientas/seguridad-industrial/proteccion-corporal/urrea-botas-de-seguridad-ultra-ligeras-talla-285-pieza/p/0707100402,0707100402,herramientas,urrea-botas-de-seguridad-ultra-ligeras-talla-285-pieza
https://www.construrama.com/catalogo/herramientas/seguridad-industrial/proteccion-corporal/urrea-botas-de-seguridad-dielectricas-talla-25-pieza/p/0707100405,0707100405,herramientas,urrea-botas-de-seguridad-dielectricas-talla-25-pieza
https://www.construrama.com/catalogo/herramientas/seguridad-industrial/proteccion-corporal/urrea-botas-de-seguridad-dielectricas-talla-26-pieza/p/0707100406,0707100406,herramientas,urrea-botas-de-seguridad-dielectricas-talla-26-pieza
https://www.construrama.com/catalogo/herramientas/seguridad-industrial/proteccion-corporal/urrea-botas-de-seguridad-dielectricas-talla-265-pieza/p/0707100407,0707100407,herramientas,urrea-botas-de-seguridad-dielectricas-talla-265-pieza
https://www.construrama.com/catalogo/herramientas/seguridad-industrial/proteccion-corporal/urrea-botas-de-seguridad-dielectricas-talla-27-pieza/p/0707100408,0707100408,herramientas,urrea-botas-de-seguridad-dielectricas-talla-27-pieza
https://www.construrama.com/catalogo/herramientas/seguridad-industrial/proteccion-corporal/urrea-botas-de-seguridad-dielectricas-talla-275-pieza/p/0707100409,0707100409,herramientas,urrea-botas-de-seguridad-dielectricas-talla-275-pieza
https://www.construrama.com/catalogo/herramientas/seguridad-industrial/proteccion-corporal/urrea-botas-de-seguridad-dielectricas-talla-28-pieza/p/0707100410,0707100410,herramientas,urrea-botas-de-seguridad-dielectricas-talla-28-pieza
https://www.construrama.com/catalogo/herramientas/seguridad-industrial/proteccion-corporal/urrea-botas-de-seguridad-dielectricas-talla-285-pieza/p/0707100411,0707100411,herramientas,urrea-botas-de-seguridad-dielectricas-talla-285-pieza
https://www.construrama.com/catalogo/herramientas/seguridad-industrial/proteccion-corporal/urrea-botas-de-seguridad-dielectricas-talla-30-pieza/p/0707100413,0707100413,herramientas,urrea-botas-de-seguridad-dielectricas-talla-30-pieza
https://www.construrama.com/catalogo/herramientas/seguridad-industrial/proteccion-corporal/urrea-botas-de-seguridad-dielectricas-talla-29-pieza/p/0707100412,0707100412,herramientas,urrea-botas-de-seguridad-dielectricas-talla-29-pieza
https://www.construrama.com/catalogo/herramientas/seguridad-industrial/proteccion-corporal/urrea-botas-de-seguridad-dielectricas-talla-31-pieza/p/0707100414,0707100414,herramientas,urrea-botas-de-seguridad-dielectricas-talla-31-pieza
https://www.construrama.com/catalogo/herramientas/seguridad-industrial/proteccion-corporal/urrea-botas-de-seguridad-dielectricas-talla-32-pieza/p/0707100415,0707100415,herramientas,urrea-botas-de-seguridad-dielectricas-talla-32-pieza
https://www.construrama.com/catalogo/herramientas/seguridad-industrial/proteccion-corporal/urrea-botas-industriales-con-casquillo-talla-24-pieza/p/0707100416,0707100416,herramientas,urrea-botas-industriales-con-casquillo-talla-24-pieza
https://www.construrama.com/catalogo/herramientas/seguridad-industrial/proteccion-corporal/urrea-botas-industriales-con-casquillo-talla-27-pieza/p/0707100419,0707100419,herramientas,urrea-botas-industriales-con-casquillo-talla-27-pieza
https://www.construrama.com/catalogo/herramientas/seguridad-industrial/proteccion-corporal/urrea-botas-industriales-con-casquillo-talla-29-pieza/p/0707100421,0707100421,herramientas,urrea-botas-industriales-con-casquillo-talla-29-pieza
https://www.construrama.com/catalogo/herramientas/seguridad-industrial/proteccion-corporal/urrea-botas-industriales-con-casquillo-talla-30-pieza/p/0707100422,0707100422,herramientas,urrea-botas-industriales-con-casquillo-talla-30-pieza
https://www.construrama.com/catalogo/herramientas/seguridad-industrial/proteccion-corporal/urrea-chaleco-rojo-talla-mediano-pieza/p/0707100423,0707100423,herramientas,urrea-chaleco-rojo-talla-mediano-pieza
https://www.construrama.com/catalogo/herramientas/seguridad-industrial/proteccion-corporal/urrea-botas-industriales-con-casquillo-talla-25-pieza/p/0707100417,0707100417,herramientas,urrea-botas-industriales-con-casquillo-talla-25-pieza
https://www.construrama.com/catalogo/herramientas/seguridad-industrial/proteccion-corporal/urrea-botas-industriales-con-casquillo-talla-26-pieza/p/0707100418,0707100418,herramientas,urrea-botas-industriales-con-casquillo-talla-26-pieza
https://www.construrama.com/catalogo/herramientas/seguridad-industrial/proteccion-corporal/urrea-chaleco-rojo-talla-grande-pieza/p/0707100424,0707100424,herramientas,urrea-chaleco-rojo-talla-grande-pieza
https://www.construrama.com/catalogo/herramientas/seguridad-industrial/proteccion-corporal/urrea-chaleco-rojo-talla-extra-grande-pieza/p/0707100425,0707100425,herramientas,urrea-chaleco-rojo-talla-extra-grande-pieza
https://www.construrama.com/catalogo/herramientas/seguridad-industrial/proteccion-corporal/urrea-botas-industriales-con-casquillo-talla-28-pieza/p/0707100420,0707100420,herramientas,urrea-botas-industriales-con-casquillo-talla-28-pieza
https://www.construrama.com/catalogo/herramientas/seguridad-industrial/proteccion-corporal/urrea-chaleco-rojo-talla-doble-extra-grande-pieza/p/0707100426,0707100426,herramientas,urrea-chaleco-rojo-talla-doble-extra-grande-pieza
https://www.construrama.com/catalogo/herramientas/seguridad-industrial/proteccion-corporal/urrea-chaleco-azul-talla-mediano-pieza/p/0707100427,0707100427,herramientas,urrea-chaleco-azul-talla-mediano-pieza
https://www.construrama.com/catalogo/herramientas/seguridad-industrial/proteccion-corporal/urrea-chaleco-azul-talla-grande-pieza/p/0707100428,0707100428,herramientas,urrea-chaleco-azul-talla-grande-pieza
https://www.construrama.com/catalogo/herramientas/seguridad-industrial/proteccion-corporal/urrea-chaleco-rosa-talla-chico-pieza/p/0707100431,0707100431,herramientas,urrea-chaleco-rosa-talla-chico-pieza
https://www.construrama.com/catalogo/herramientas/seguridad-industrial/proteccion-corporal/urrea-chaleco-rosa-talla-mediano-pieza/p/0707100432,0707100432,herramientas,urrea-chaleco-rosa-talla-mediano-pieza
https://www.construrama.com/catalogo/herramientas/seguridad-industrial/proteccion-corporal/urrea-chaleco-rosa-talla-grande-pieza/p/0707100433,0707100433,herramientas,urrea-chaleco-rosa-talla-grande-pieza
https://www.construrama.com/catalogo/herramientas/seguridad-industrial/proteccion-corporal/surtek-arnes-contra-caidas-sencillo-talla-3640-pieza/p/0707100434,0707100434,herramientas,surtek-arnes-contra-caidas-sencillo-talla-3640-pieza
https://www.construrama.com/catalogo/herramientas/seguridad-industrial/proteccion-corporal/urrea-chaleco-azul-talla-extra-grande-pieza/p/0707100429,0707100429,herramientas,urrea-chaleco-azul-talla-extra-grande-pieza
https://www.construrama.com/catalogo/herramientas/seguridad-industrial/proteccion-corporal/urrea-chaleco-azul-talla-doble-extra-grande-pieza/p/0707100430,0707100430,herramientas,urrea-chaleco-azul-talla-doble-extra-grande-pieza
https://www.construrama.com/catalogo/herramientas/seguridad-industrial/proteccion-corporal/surtek-arnes-contra-caidas-sencillo-talla-4044-pieza/p/0707100435,0707100435,herramientas,surtek-arnes-contra-caidas-sencillo-talla-4044-pieza
https://www.construrama.com/catalogo/herramientas/seguridad-industrial/proteccion-corporal/surtek-arnes-de-rescate-con-cinturon-talla-3640-pieza/p/0707100438,0707100438,herramientas,surtek-arnes-de-rescate-con-cinturon-talla-3640-pieza
https://www.construrama.com/catalogo/herramientas/seguridad-industrial/proteccion-corporal/surtek-arnes-de-posicionamiento-con-cinturon-talla-3640-pieza/p/0707100436,0707100436,herramientas,surtek-arnes-de-posicionamiento-con-cinturon-talla-3640-pieza
https://www.construrama.com/catalogo/herramientas/seguridad-industrial/proteccion-corporal/surtek-arnes-de-posicionamiento-con-cinturon-talla-4044-pieza/p/0707100437,0707100437,herramientas,surtek-arnes-de-posicionamiento-con-cinturon-talla-4044-pieza
https://www.construrama.com/catalogo/herramientas/seguridad-industrial/proteccion-corporal/surtek-arnes-de-suspension-con-cinturon-talla-3640-pieza/p/0707100440,0707100440,herramientas,surtek-arnes-de-suspension-con-cinturon-talla-3640-pieza
https://www.construrama.com/catalogo/herramientas/seguridad-industrial/proteccion-corporal/surtek-arnes-de-suspension-con-cinturon-talla-4044-pieza/p/0707100441,0707100441,herramientas,surtek-arnes-de-suspension-con-cinturon-talla-4044-pieza
https://www.construrama.com/catalogo/herramientas/seguridad-industrial/proteccion-corporal/surtek-botas-de-seguridad-dielectricas-casquillo-poliamida-26-pieza/p/0707100444,0707100444,herramientas,surtek-botas-de-seguridad-dielectricas-casquillo-poliamida-26-pieza
https://www.construrama.com/catalogo/herramientas/seguridad-industrial/proteccion-corporal/surtek-arnes-de-rescate-con-cinturon-talla-4044-pieza/p/0707100439,0707100439,herramientas,surtek-arnes-de-rescate-con-cinturon-talla-4044-pieza
https://www.construrama.com/catalogo/herramientas/seguridad-industrial/proteccion-corporal/surtek-botas-de-seguridad-dielectricas-casquillo-poliamida-24-pieza/p/0707100442,0707100442,herramientas,surtek-botas-de-seguridad-dielectricas-casquillo-poliamida-24-pieza
https://www.construrama.com/catalogo/herramientas/seguridad-industrial/proteccion-corporal/surtek-botas-de-seguridad-dielectricas-casquillo-poliamida-25-pieza/p/0707100443,0707100443,herramientas,surtek-botas-de-seguridad-dielectricas-casquillo-poliamida-25-pieza
https://www.construrama.com/catalogo/herramientas/seguridad-industrial/proteccion-corporal/surtek-botas-de-seguridad-dielectricas-casquillo-poliamida-27-pieza/p/0707100446,0707100446,herramientas,surtek-botas-de-seguridad-dielectricas-casquillo-poliamida-27-pieza
https://www.construrama.com/catalogo/herramientas/seguridad-industrial/proteccion-corporal/surtek-botas-de-seguridad-dielectricas-casquillo-poliamida-265-pieza/p/0707100445,0707100445,herramientas,surtek-botas-de-seguridad-dielectricas-casquillo-poliamida-265-pieza
https://www.construrama.com/catalogo/herramientas/seguridad-industrial/proteccion-corporal/surtek-botas-de-seguridad-dielectricas-casquillo-poliamida-275-pieza/p/0707100447,0707100447,herramientas,surtek-botas-de-seguridad-dielectricas-casquillo-poliamida-275-pieza
https://www.construrama.com/catalogo/herramientas/seguridad-industrial/proteccion-corporal/surtek-botas-de-seguridad-dielectricas-casquillo-poliamida-28-pieza/p/0707100448,0707100448,herramientas,surtek-botas-de-seguridad-dielectricas-casquillo-poliamida-28-pieza
https://www.construrama.com/catalogo/herramientas/seguridad-industrial/proteccion-corporal/surtek-botas-de-seguridad-dielectricas-casquillo-poliamida-285-pieza/p/0707100449,0707100449,herramientas,surtek-botas-de-seguridad-dielectricas-casquillo-poliamida-285-pieza
https://www.construrama.com/catalogo/herramientas/seguridad-industrial/proteccion-corporal/surtek-botas-de-seguridad-dielectricas-casquillo-poliamida-29-pieza/p/0707100450,0707100450,herramientas,surtek-botas-de-seguridad-dielectricas-casquillo-poliamida-29-pieza
https://www.construrama.com/catalogo/herramientas/seguridad-industrial/proteccion-corporal/surtek-botas-de-seguridad-negras-casquillo-acero-26-pieza/p/0707100454,0707100454,herramientas,surtek-botas-de-seguridad-negras-casquillo-acero-26-pieza
https://www.construrama.com/catalogo/herramientas/seguridad-industrial/proteccion-corporal/surtek-botas-de-seguridad-negras-casquillo-acero-265-pieza/p/0707100455,0707100455,herramientas,surtek-botas-de-seguridad-negras-casquillo-acero-265-pieza
https://www.construrama.com/catalogo/herramientas/seguridad-industrial/proteccion-corporal/surtek-botas-de-seguridad-negras-casquillo-acero-27-pieza/p/0707100456,0707100456,herramientas,surtek-botas-de-seguridad-negras-casquillo-acero-27-pieza
https://www.construrama.com/catalogo/herramientas/seguridad-industrial/proteccion-corporal/surtek-botas-de-seguridad-dielectricas-casquillo-poliamida-30-pieza/p/0707100451,0707100451,herramientas,surtek-botas-de-seguridad-dielectricas-casquillo-poliamida-30-pieza
https://www.construrama.com/catalogo/herramientas/seguridad-industrial/proteccion-corporal/surtek-botas-de-seguridad-negras-casquillo-acero-24-pieza/p/0707100452,0707100452,herramientas,surtek-botas-de-seguridad-negras-casquillo-acero-24-pieza
https://www.construrama.com/catalogo/herramientas/seguridad-industrial/proteccion-corporal/surtek-botas-de-seguridad-negras-casquillo-acero-25-pieza/p/0707100453,0707100453,herramientas,surtek-botas-de-seguridad-negras-casquillo-acero-25-pieza
https://www.construrama.com/catalogo/herramientas/seguridad-industrial/proteccion-corporal/surtek-botas-de-seguridad-negras-casquillo-acero-28-pieza/p/0707100458,0707100458,herramientas,surtek-botas-de-seguridad-negras-casquillo-acero-28-pieza
https://www.construrama.com/catalogo/herramientas/seguridad-industrial/proteccion-corporal/surtek-botas-de-seguridad-negras-casquillo-acero-285-pieza/p/0707100459,0707100459,herramientas,surtek-botas-de-seguridad-negras-casquillo-acero-285-pieza
https://www.construrama.com/catalogo/herramientas/seguridad-industrial/proteccion-corporal/surtek-botas-de-seguridad-negras-casquillo-acero-275-pieza/p/0707100457,0707100457,herramientas,surtek-botas-de-seguridad-negras-casquillo-acero-275-pieza
https://www.construrama.com/catalogo/herramientas/seguridad-industrial/proteccion-corporal/surtek-botas-seguridad-clasica-22-pieza/p/0707100462,0707100462,herramientas,surtek-botas-seguridad-clasica-22-pieza
https://www.construrama.com/catalogo/herramientas/seguridad-industrial/proteccion-corporal/surtek-botas-de-seguridad-negras-casquillo-acero-30-pieza/p/0707100461,0707100461,herramientas,surtek-botas-de-seguridad-negras-casquillo-acero-30-pieza
https://www.construrama.com/catalogo/herramientas/seguridad-industrial/proteccion-corporal/surtek-botas-de-seguridad-negras-casquillo-acero-29-pieza/p/0707100460,0707100460,herramientas,surtek-botas-de-seguridad-negras-casquillo-acero-29-pieza
https://www.construrama.com/catalogo/herramientas/seguridad-industrial/proteccion-corporal/surtek-botas-seguridad-clasica-23-pieza/p/0707100463,0707100463,herramientas,surtek-botas-seguridad-clasica-23-pieza
https://www.construrama.com/catalogo/herramientas/seguridad-industrial/proteccion-corporal/derma-care-cofia-plisada-blanca-uso-general-pieza/p/0707100466,0707100466,herramientas,derma-care-cofia-plisada-blanca-uso-general-pieza
https://www.construrama.com/catalogo/herramientas/seguridad-industrial/proteccion-corporal/surtek-botas-seguridad-clasica-25-pieza/p/0707100465,0707100465,herramientas,surtek-botas-seguridad-clasica-25-pieza
https://www.construrama.com/catalogo/herramientas/seguridad-industrial/proteccion-corporal/surtek-botas-seguridad-clasica-24-pieza/p/0707100464,0707100464,herramientas,surtek-botas-seguridad-clasica-24-pieza
https://www.construrama.com/catalogo/herramientas/seguridad-industrial/proteccion-corporal/derma-care-faja-de-seguridad-tirantesmediana-pieza/p/0707100467,0707100467,herramientas,derma-care-faja-de-seguridad-tirantesmediana-pieza
https://www.construrama.com/catalogo/herramientas/seguridad-industrial/proteccion-corporal/chamarra-amarilla-impermeable-pieza/p/0707100472,0707100472,herramientas,chamarra-amarilla-impermeable-pieza
https://www.construrama.com/catalogo/herramientas/seguridad-industrial/proteccion-corporal/phvargas-careta-para-soldar-electronica-pieza/p/0707100471,0707100471,herramientas,phvargas-careta-para-soldar-electronica-pieza
https://www.construrama.com/catalogo/herramientas/seguridad-industrial/proteccion-corporal/gabardina-azul-marino-con-capucha-pieza/p/0707100473,0707100473,herramientas,gabardina-azul-marino-con-capucha-pieza
https://www.construrama.com/catalogo/herramientas/seguridad-industrial/proteccion-corporal/derma-care-guante-algodon-antiderrapante-pieza/p/0707100468,0707100468,herramientas,derma-care-guante-algodon-antiderrapante-pieza
https://www.construrama.com/catalogo/herramientas/seguridad-industrial/proteccion-corporal/derma-care-guante-negro-nylon-y-nitrilo-uso-general-pieza/p/0707100469,0707100469,herramientas,derma-care-guante-negro-nylon-y-nitrilo-uso-general-pieza
https://www.construrama.com/catalogo/herramientas/seguridad-industrial/proteccion-corporal/derma-care-guantes-latex-varias-medidas-pieza/p/0707100470,0707100470,herramientas,derma-care-guantes-latex-varias-medidas-pieza
https://www.construrama.com/catalogo/herramientas/seguridad-industrial/proteccion-corporal/impermeable-amarillo-2-piezas-pieza/p/0707100475,0707100475,herramientas,impermeable-amarillo-2-piezas-pieza
https://www.construrama.com/catalogo/herramientas/seguridad-industrial/proteccion-corporal/urrea-mascarilla-ppolvos-711724-sline-pieza/p/0707100476,0707100476,herramientas,urrea-mascarilla-ppolvos-711724-sline-pieza
https://www.construrama.com/catalogo/herramientas/seguridad-industrial/proteccion-corporal/guante-carnaza-para-operador-pieza/p/0707100474,0707100474,herramientas,guante-carnaza-para-operador-pieza
https://www.construrama.com/catalogo/herramientas/seguridad-industrial/proteccion-corporal/adir-guantes-de-algodon-y-poliester-rec-latex-pieza/p/0707100477,0707100477,herramientas,adir-guantes-de-algodon-y-poliester-rec-latex-pieza
https://www.construrama.com/catalogo/herramientas/seguridad-industrial/proteccion-corporal/adir-careta-electronica-profesional-vino-c-franjas-grises-pieza/p/0707100479,0707100479,herramientas,adir-careta-electronica-profesional-vino-c-franjas-grises-pieza
https://www.construrama.com/catalogo/herramientas/seguridad-industrial/proteccion-corporal/adir-guantes-de-tela-y-carnaza-pieza/p/0707100478,0707100478,herramientas,adir-guantes-de-tela-y-carnaza-pieza
https://www.construrama.com/catalogo/herramientas/seguridad-industrial/proteccion-corporal/adir-careta-para-soldador-pieza/p/0707100480,0707100480,herramientas,adir-careta-para-soldador-pieza
https://www.construrama.com/catalogo/herramientas/seguridad-industrial/proteccion-corporal/truper-guante-de-latex-desechable-extra-grande-bolsa-10-piezas-pieza/p/0707100483,0707100483,herramientas,truper-guante-de-latex-desechable-extra-grande-bolsa-10-piezas-pieza
https://www.construrama.com/catalogo/herramientas/seguridad-industrial/proteccion-corporal/truper-guante-de-latex-desechable-chico-bolsa-10-piezas-pieza/p/0707100484,0707100484,herramientas,truper-guante-de-latex-desechable-chico-bolsa-10-piezas-pieza
https://www.construrama.com/catalogo/herramientas/seguridad-industrial/proteccion-corporal/byp-chaleco-de-seguridad-con-bandas-reflejantes-color-naranja-unitalla-pieza/p/0707100481,0707100481,herramientas,byp-chaleco-de-seguridad-con-bandas-reflejantes-color-naranja-unitalla-pieza
https://www.construrama.com/catalogo/herramientas/seguridad-industrial/proteccion-corporal/truper-guante-de-latex-desechable-grande-bolsa-10-piezas-pieza/p/0707100485,0707100485,herramientas,truper-guante-de-latex-desechable-grande-bolsa-10-piezas-pieza
https://www.construrama.com/catalogo/herramientas/seguridad-industrial/proteccion-corporal/byp-chaleco-de-seguridad-con-bandas-reflejantes-color-verde-unitalla-pieza/p/0707100482,0707100482,herramientas,byp-chaleco-de-seguridad-con-bandas-reflejantes-color-verde-unitalla-pieza
https://www.construrama.com/catalogo/herramientas/seguridad-industrial/proteccion-corporal/truper-guante-de-nitrilo-desechable-azul-chico-bolsa-10-piezas-pieza/p/0707100487,0707100487,herramientas,truper-guante-de-nitrilo-desechable-azul-chico-bolsa-10-piezas-pieza
https://www.construrama.com/catalogo/herramientas/seguridad-industrial/proteccion-corporal/truper-guante-de-latex-desechable-mediano-bolsa-10-piezas-pieza/p/0707100486,0707100486,herramientas,truper-guante-de-latex-desechable-mediano-bolsa-10-piezas-pieza
https://www.construrama.com/catalogo/herramientas/seguridad-industrial/proteccion-corporal/truper-guante-de-nitrilo-desechable-azul-chico-caja-100-pzas-pieza/p/0707100488,0707100488,herramientas,truper-guante-de-nitrilo-desechable-azul-chico-caja-100-pzas-pieza
https://www.construrama.com/catalogo/herramientas/seguridad-industrial/proteccion-corporal/truper-guante-de-nitrilo-desechable-azul-exg-bolsa-10-piezas-pieza/p/0707100489,0707100489,herramientas,truper-guante-de-nitrilo-desechable-azul-exg-bolsa-10-piezas-pieza
https://www.construrama.com/catalogo/herramientas/seguridad-industrial/proteccion-corporal/truper-guante-de-nitrilo-desechable-azul-exg-caja-100-pzas-pieza/p/0707100490,0707100490,herramientas,truper-guante-de-nitrilo-desechable-azul-exg-caja-100-pzas-pieza
https://www.construrama.com/catalogo/herramientas/seguridad-industrial/proteccion-corporal/truper-guante-de-nitrilo-desechable-azul-grande-bolsa-10-piezas-pieza/p/0707100491,0707100491,herramientas,truper-guante-de-nitrilo-desechable-azul-grande-bolsa-10-piezas-pieza
https://www.construrama.com/catalogo/herramientas/seguridad-industrial/proteccion-corporal/truper-guante-de-nitrilo-desechable-azul-grande-caja-100-pzas-pieza/p/0707100492,0707100492,herramientas,truper-guante-de-nitrilo-desechable-azul-grande-caja-100-pzas-pieza
https://www.construrama.com/c/chalupa-para-instalacion-electrica-pieza-pieza/p/604030037,604030037,NA,chalupa-para-instalacion-electrica-pieza-pieza
https://www.construrama.com/c/igesa-caja-cuadrada-de-4-galv-ref-itsa-igesa-pieza/p/604030055,604030055,NA,igesa-caja-cuadrada-de-4-galv-ref-itsa-igesa-pieza
https://www.construrama.com/c/igesa-caja-cuadrada-3-galvanizada-pieza/p/604030064,604030064,NA,igesa-caja-cuadrada-3-galvanizada-pieza
https://www.construrama.com/c/igesa-centro-d-carga-igesa-emp-monof-50a-qod2e-cc02e-pieza/p/604040019,604040019,NA,igesa-centro-d-carga-igesa-emp-monof-50a-qod2e-cc02e-pieza
