consulta,nombre,url,precio_texto,vendedor,precio,fuente_url
varilla corrugada 3/8,Conector Mecanico Para Varilla Corrugada Lock 3/8 Tipo 2,https://www.mercadolibre.com.mx/conector-mecanico-para-varilla-corrugada-lock-38---tipo-2/up/MLMU3431081152#polycard_client=search-desktop&search_layout=grid&position=1&type=product&tracking_id=9b4bbb86-2328-4845-89cc-12aa40fcfd1c&wid=MLM2455447229&sid=search,$348,NA,348,https://www.mercadolibre.com.mx/conector-mecanico-para-varilla-corrugada-lock-38---tipo-2/up/MLMU3431081152#polycard_client=search-desktop&search_layout=grid&position=1&type=product&tracking_id=9b4bbb86-2328-4845-89cc-12aa40fcfd1c&wid=MLM2455447229&sid=search
varilla corrugada 3/8,Kit 10 Piezas Alcayatas Forjadas Varilla Corrugada 3/8 X6,https://www.mercadolibre.com.mx/kit-10-piezas-alcayatas-forjadas-varilla-corrugada-38-x6/up/MLMU489307411#polycard_client=search-desktop&search_layout=grid&position=2&type=product&tracking_id=9b4bbb86-2328-4845-89cc-12aa40fcfd1c&wid=MLM2501853632&sid=search,$234,VULCANO MEXICO,234,https://www.mercadolibre.com.mx/kit-10-piezas-alcayatas-forjadas-varilla-corrugada-38-x6/up/MLMU489307411#polycard_client=search-desktop&search_layout=grid&position=2&type=product&tracking_id=9b4bbb86-2328-4845-89cc-12aa40fcfd1c&wid=MLM2501853632&sid=search
varilla corrugada 3/8,Kit 10 Piezas Alcayatas Forjadas Varilla Corrugada 3/8 X 8,https://www.mercadolibre.com.mx/kit-10-piezas-alcayatas-forjadas-varilla-corrugada-38-x-8/up/MLMU489310147#polycard_client=search-desktop&search_layout=grid&position=3&type=product&tracking_id=9b4bbb86-2328-4845-89cc-12aa40fcfd1c&wid=MLM2502147912&sid=search,$268,VULCANO MEXICO,268,https://www.mercadolibre.com.mx/kit-10-piezas-alcayatas-forjadas-varilla-corrugada-38-x-8/up/MLMU489310147#polycard_client=search-desktop&search_layout=grid&position=3&type=product&tracking_id=9b4bbb86-2328-4845-89cc-12aa40fcfd1c&wid=MLM2502147912&sid=search
varilla corrugada 3/8,Kit 10 Piezas Alcayatas Forjadas Varilla Corrugada 3/8 X7,https://www.mercadolibre.com.mx/kit-10-piezas-alcayatas-forjadas-varilla-corrugada-38-x7/up/MLMU489310153#polycard_client=search-desktop&search_layout=grid&position=4&type=product&tracking_id=9b4bbb86-2328-4845-89cc-12aa40fcfd1c&wid=MLM2544462918&sid=search,$258,VULCANO MEXICO,258,https://www.mercadolibre.com.mx/kit-10-piezas-alcayatas-forjadas-varilla-corrugada-38-x7/up/MLMU489310153#polycard_client=search-desktop&search_layout=grid&position=4&type=product&tracking_id=9b4bbb86-2328-4845-89cc-12aa40fcfd1c&wid=MLM2544462918&sid=search
varilla corrugada 3/8,Conector Mecanico Para Varilla Corrugada Lock 1/2 Tipo 2,https://www.mercadolibre.com.mx/conector-mecanico-para-varilla-corrugada-lock-12---tipo-2/up/MLMU3424459811#polycard_client=search-desktop&search_layout=grid&position=5&type=product&tracking_id=9b4bbb86-2328-4845-89cc-12aa40fcfd1c&wid=MLM2455382949&sid=search,$406,NA,406,https://www.mercadolibre.com.mx/conector-mecanico-para-varilla-corrugada-lock-12---tipo-2/up/MLMU3424459811#polycard_client=search-desktop&search_layout=grid&position=5&type=product&tracking_id=9b4bbb86-2328-4845-89cc-12aa40fcfd1c&wid=MLM2455382949&sid=search
varilla corrugada 3/8,Kit 10 Piezas Alcayatas Forjadas Varilla Corrugada 3/8 X 3,https://www.mercadolibre.com.mx/kit-10-piezas-alcayatas-forjadas-varilla-corrugada-38--x-3/up/MLMU470988334#polycard_client=search-desktop&search_layout=grid&position=6&type=product&tracking_id=9b4bbb86-2328-4845-89cc-12aa40fcfd1c&wid=MLM1945063275&sid=search,$199,VULCANO MEXICO,199,https://www.mercadolibre.com.mx/kit-10-piezas-alcayatas-forjadas-varilla-corrugada-38--x-3/up/MLMU470988334#polycard_client=search-desktop&search_layout=grid&position=6&type=product&tracking_id=9b4bbb86-2328-4845-89cc-12aa40fcfd1c&wid=MLM1945063275&sid=search
varilla corrugada 3/8,Conector Mecánico Para Varilla Corrugada,https://www.mercadolibre.com.mx/conector-mecanico-para-varilla-corrugada/up/MLMU3268530978#polycard_client=search-desktop&search_layout=grid&position=7&type=product&tracking_id=9b4bbb86-2328-4845-89cc-12aa40fcfd1c&wid=MLM2357491665&sid=search,$299,NA,299,https://www.mercadolibre.com.mx/conector-mecanico-para-varilla-corrugada/up/MLMU3268530978#polycard_client=search-desktop&search_layout=grid&position=7&type=product&tracking_id=9b4bbb86-2328-4845-89cc-12aa40fcfd1c&wid=MLM2357491665&sid=search
varilla corrugada 3/8,Conector De Termino Para Varilla Corrugada De 1 In (#8),https://www.mercadolibre.com.mx/conector-de-termino-para-varilla-corrugada-de-1-in-8/up/MLMU3760009027#polycard_client=search-desktop&search_layout=grid&position=8&type=product&tracking_id=9b4bbb86-2328-4845-89cc-12aa40fcfd1c&wid=MLM4727851994&sid=search,$179,NA,179,https://www.mercadolibre.com.mx/conector-de-termino-para-varilla-corrugada-de-1-in-8/up/MLMU3760009027#polycard_client=search-desktop&search_layout=grid&position=8&type=product&tracking_id=9b4bbb86-2328-4845-89cc-12aa40fcfd1c&wid=MLM4727851994&sid=search
varilla corrugada 3/8,Conector Mecanico Para Varilla Corrugada Lock 3/4 Tipo 2,https://www.mercadolibre.com.mx/conector-mecanico-para-varilla-corrugada-lock-34---tipo-2/up/MLMU3424468911#polycard_client=search-desktop&search_layout=grid&position=9&type=product&tracking_id=9b4bbb86-2328-4845-89cc-12aa40fcfd1c&wid=MLM2455486773&sid=search,$580,NA,580,https://www.mercadolibre.com.mx/conector-mecanico-para-varilla-corrugada-lock-34---tipo-2/up/MLMU3424468911#polycard_client=search-desktop&search_layout=grid&position=9&type=product&tracking_id=9b4bbb86-2328-4845-89cc-12aa40fcfd1c&wid=MLM2455486773&sid=search
varilla corrugada 3/8,Conector Mecanico Para Varilla Corrugada De 1 In (#8) Tipo 2,https://www.mercadolibre.com.mx/conector-mecanico-para-varilla-corrugada-de-1-in-8-tipo-2/up/MLMU3431140752#polycard_client=search-desktop&search_layout=grid&position=10&type=product&tracking_id=9b4bbb86-2328-4845-89cc-12aa40fcfd1c&wid=MLM4095954460&sid=search,$135,NA,135,https://www.mercadolibre.com.mx/conector-mecanico-para-varilla-corrugada-de-1-in-8-tipo-2/up/MLMU3431140752#polycard_client=search-desktop&search_layout=grid&position=10&type=product&tracking_id=9b4bbb86-2328-4845-89cc-12aa40fcfd1c&wid=MLM4095954460&sid=search
varilla corrugada 3/8,Conector Mecanico Para Varilla Corrugada Lock 5/8 Tipo 2,https://www.mercadolibre.com.mx/conector-mecanico-para-varilla-corrugada-lock-58---tipo-2/up/MLMU3424466143#polycard_client=search-desktop&search_layout=grid&position=11&type=product&tracking_id=9b4bbb86-2328-4845-89cc-12aa40fcfd1c&wid=MLM2455447741&sid=search,$429,NA,429,https://www.mercadolibre.com.mx/conector-mecanico-para-varilla-corrugada-lock-58---tipo-2/up/MLMU3424466143#polycard_client=search-desktop&search_layout=grid&position=11&type=product&tracking_id=9b4bbb86-2328-4845-89cc-12aa40fcfd1c&wid=MLM2455447741&sid=search
varilla corrugada 3/8,Máquina Flejadora De Bobinas De Alambre Corrugado Multifunci,https://www.mercadolibre.com.mx/cable-de-amarre-para-atadora-automatica-de-barras-de-refuerz/p/MLM2037805699#polycard_client=search-desktop&search_layout=grid&position=12&type=product&tracking_id=9b4bbb86-2328-4845-89cc-12aa40fcfd1c&wid=MLM2875562867&sid=search,"$132,36",NA,132.36,https://www.mercadolibre.com.mx/cable-de-amarre-para-atadora-automatica-de-barras-de-refuerz/p/MLM2037805699#polycard_client=search-desktop&search_layout=grid&position=12&type=product&tracking_id=9b4bbb86-2328-4845-89cc-12aa40fcfd1c&wid=MLM2875562867&sid=search
varilla corrugada 3/8,Alambre De Unión Para Máquinas Atadoras De Barras Refuerzo,https://www.mercadolibre.com.mx/alambre-de-acero-de-110-m-para-barra-de-acero-automatica-/p/MLM2062173053#polycard_client=search-desktop&search_layout=grid&position=13&type=product&tracking_id=9b4bbb86-2328-4845-89cc-12aa40fcfd1c&wid=MLM4845502116&sid=search,"$123,33",NA,123.33,https://www.mercadolibre.com.mx/alambre-de-acero-de-110-m-para-barra-de-acero-automatica-/p/MLM2062173053#polycard_client=search-desktop&search_layout=grid&position=13&type=product&tracking_id=9b4bbb86-2328-4845-89cc-12aa40fcfd1c&wid=MLM4845502116&sid=search
varilla corrugada 3/8,Herramienta De Cierre Corrugado Apach Cf-15aa Para 3/8 Pulga,https://articulo.mercadolibre.com.mx/MLM-2741566099-herramienta-de-cierre-corrugado-apach-cf-15aa-para-38-pulga-_JM#polycard_client=search-desktop&search_layout=grid&position=14&type=item&tracking_id=9b4bbb86-2328-4845-89cc-12aa40fcfd1c,"$7,986",APACH,7986,https://articulo.mercadolibre.com.mx/MLM-2741566099-herramienta-de-cierre-corrugado-apach-cf-15aa-para-38-pulga-_JM#polycard_client=search-desktop&search_layout=grid&position=14&type=item&tracking_id=9b4bbb86-2328-4845-89cc-12aa40fcfd1c
varilla corrugada 3/8,Panel De Techo Frp Corrugado 1/3/4/6/8/10 Piezas,https://www.mercadolibre.com.mx/panel-de-techo-frp-corrugado-1346810-piezas/up/MLMU3156003427#polycard_client=search-desktop&search_layout=grid&position=15&type=product&tracking_id=9b4bbb86-2328-4845-89cc-12aa40fcfd1c&wid=MLM3673394544&sid=search,"$4,962",KUFU01,4962,https://www.mercadolibre.com.mx/panel-de-techo-frp-corrugado-1346810-piezas/up/MLMU3156003427#polycard_client=search-desktop&search_layout=grid&position=15&type=product&tracking_id=9b4bbb86-2328-4845-89cc-12aa40fcfd1c&wid=MLM3673394544&sid=search
cemento gris 50 kg,Pigmento - Microcementos,https://click1.mercadolibre.com.mx/mclics/clicks/external/MLM/count?a=oJGAG79t5%2BXxD%2B9%2FPVdoCGh2MJMCPpu9jQq8rY7fzYaQL6YncZg50Ii5Jo5aePD%2BVbc7NwC0kUCUeCeRKW%2BCdRPS5mr%2BMu%2BkcwPEhCIZygpNKg414%2FKYy0C2tG5CBHBVJVhveBUitlixv5RmC0aFd%2FDEwZSdnwuMa3etAgZ3k0lrO0L8Vr1PWvSf9sf2itZ%2Fot7l%2By0CHxR5vAljAjyrWRcdJTZ34dVoPlG5%2FKiEsIRcZzzU4jYepMTq4PUw2C9b0D9MF5PWnggxiTGW276%2Ft2K7y4bsNmjMX4Ze7b5Tz7R0NeuCMw0T%2BEkRukDaToRc1dzchsxlt%2B88uG78yF5u6KtTRrw4BlpEIfuzl7GC2VNf1Ij2H6JtuuKEY4%2BrVR9%2FGTnzgPt9qEIRib3uO5a%2B%2FZUss01p4ake0tH20pncDzoblfLpTuvuzvWY%2B1kUeGH9%2Bm3WccjSEOG0bIyVsbb%2FuAZyC0UOuqjall3otXhq1RSi6gCwt26QMeTbvxZ71yRKVi5zQYllRuWJfJo0Cj3gWIWUHaE%2FlzNgCzzlFhf0F%2BEPCC68NUNlEHIq%2FJB5Pv%2FKN5AAKu7xRNVeMFCLqTFDl4wEcxNGLr5N70msk84OJgqZrgObj3kQIYR45ig71F%2F6aYvQW1AwS3ybFWLtkkFG84Xc5QeaB6NU4NgmqAP4jveqhwFVKQ66%2FFW5i96c6LhhztFv1c3sUe1MvFhkBek3lTQCe5JjI%2F1ZQskgcA%2B%2FJOrBmB0g#polycard_client=search-desktop&is_advertising=true&search_layout=grid&position=1&type=pad&tracking_id=958350a8-a560-4110-8858-75bfbda7a1cf,$95,PEGADURO,95,https://click1.mercadolibre.com.mx/mclics/clicks/external/MLM/count?a=oJGAG79t5%2BXxD%2B9%2FPVdoCGh2MJMCPpu9jQq8rY7fzYaQL6YncZg50Ii5Jo5aePD%2BVbc7NwC0kUCUeCeRKW%2BCdRPS5mr%2BMu%2BkcwPEhCIZygpNKg414%2FKYy0C2tG5CBHBVJVhveBUitlixv5RmC0aFd%2FDEwZSdnwuMa3etAgZ3k0lrO0L8Vr1PWvSf9sf2itZ%2Fot7l%2By0CHxR5vAljAjyrWRcdJTZ34dVoPlG5%2FKiEsIRcZzzU4jYepMTq4PUw2C9b0D9MF5PWnggxiTGW276%2Ft2K7y4bsNmjMX4Ze7b5Tz7R0NeuCMw0T%2BEkRukDaToRc1dzchsxlt%2B88uG78yF5u6KtTRrw4BlpEIfuzl7GC2VNf1Ij2H6JtuuKEY4%2BrVR9%2FGTnzgPt9qEIRib3uO5a%2B%2FZUss01p4ake0tH20pncDzoblfLpTuvuzvWY%2B1kUeGH9%2Bm3WccjSEOG0bIyVsbb%2FuAZyC0UOuqjall3otXhq1RSi6gCwt26QMeTbvxZ71yRKVi5zQYllRuWJfJo0Cj3gWIWUHaE%2FlzNgCzzlFhf0F%2BEPCC68NUNlEHIq%2FJB5Pv%2FKN5AAKu7xRNVeMFCLqTFDl4wEcxNGLr5N70msk84OJgqZrgObj3kQIYR45ig71F%2F6aYvQW1AwS3ybFWLtkkFG84Xc5QeaB6NU4NgmqAP4jveqhwFVKQ66%2FFW5i96c6LhhztFv1c3sUe1MvFhkBek3lTQCe5JjI%2F1ZQskgcA%2B%2FJOrBmB0g#polycard_client=search-desktop&is_advertising=true&search_layout=grid&position=1&type=pad&tracking_id=958350a8-a560-4110-8858-75bfbda7a1cf
cemento gris 50 kg,Pigmento Para Microcementos Diferentes Colores Pegaduro,https://click1.mercadolibre.com.mx/mclics/clicks/external/MLM/count?a=52h83w8jf11QNFTAat46gVMkKqEcd0o%2FrvAKPUY6%2FkTsDHnza8SRQbFNWGrWMr7pVnRLyf92sAy5HH47ISnKDUpPYD4Ez7xN51DeWT%2B%2FLfAwxn9g3Q%2FjiPPiq2gr1gicEHnNRFGgroTCw1A1zMqFxA5ebETItZ5EmtF3FUdjSYk6G6XY2GJYVuENVVwSUJLBNU1%2FUWLFYvkXbtE20U54qi4pw3n5gyO6Ggo0H1cUkpAWS1crHkQ6vdtqz609qEsWA7RR%2BB9Isy2vnbLle5iMXCPL4DOeYHfa9c%2FvDjPnJXjMV%2FTrfA7g8momyFRgJQmu0aEHJRmV7vNwp2gQMJbcaRqq49AIPRXFtwtBWw3kzgy4kIiIwhwmosQhUoJf9NEUIm4555aAw%2FuRLO%2FhmwOuZuuyqNhpj7Xt7R%2FC%2BHjlcR7R0nXXva6JlQDgS456T0DH1iMDU%2FnWtyzF7PRQW2dTVs3%2FAO3F5V8q8wpuAQ3PGeaSYMx1qHz3m%2FEWdTtmYbxueQtmg%2FQ8b%2FtOlA6r3Tp%2Ba9b9P7hSmpVvTlzO0uJzyTOB4ig7ZpN%2F6MYMIhYe9D4q0UJE7kM4IDwqm8MvkDtedN7B7rwj%2F8MHyx625W4ERGa2T2IGhxPvXwOHZHt4Be%2FNIkRfn6E4bMquHQxkCpf4X9b1yM0TUlDixsLmNBAqzy6XKbc1Ldg%2Bx9JBZG5muEfJ%2F2mUyjGLC68VPRI7xpr6K3KXptOddI3QUa8llaS3XA5hR9rCiP%2FG1KLtWTVqcxTJmTi8%2BWBbQhnBWDbUHVGjtwnYTs7d6Jcn%2BfaBc2TfnQa4QEKHSJWMWAjTmbt1egKyAueQpfc4ZK0lvoHp9icDsxOJhz2tBQj1GswyQQ9KgAO8nwdOZs8%3D&searchVariation=191958417421#polycard_client=search-desktop&is_advertising=true&searchVariation=191958417421&search_layout=grid&position=2&type=pad&tracking_id=958350a8-a560-4110-8858-75bfbda7a1cf,$99,PEGADURO,99,https://click1.mercadolibre.com.mx/mclics/clicks/external/MLM/count?a=52h83w8jf11QNFTAat46gVMkKqEcd0o%2FrvAKPUY6%2FkTsDHnza8SRQbFNWGrWMr7pVnRLyf92sAy5HH47ISnKDUpPYD4Ez7xN51DeWT%2B%2FLfAwxn9g3Q%2FjiPPiq2gr1gicEHnNRFGgroTCw1A1zMqFxA5ebETItZ5EmtF3FUdjSYk6G6XY2GJYVuENVVwSUJLBNU1%2FUWLFYvkXbtE20U54qi4pw3n5gyO6Ggo0H1cUkpAWS1crHkQ6vdtqz609qEsWA7RR%2BB9Isy2vnbLle5iMXCPL4DOeYHfa9c%2FvDjPnJXjMV%2FTrfA7g8momyFRgJQmu0aEHJRmV7vNwp2gQMJbcaRqq49AIPRXFtwtBWw3kzgy4kIiIwhwmosQhUoJf9NEUIm4555aAw%2FuRLO%2FhmwOuZuuyqNhpj7Xt7R%2FC%2BHjlcR7R0nXXva6JlQDgS456T0DH1iMDU%2FnWtyzF7PRQW2dTVs3%2FAO3F5V8q8wpuAQ3PGeaSYMx1qHz3m%2FEWdTtmYbxueQtmg%2FQ8b%2FtOlA6r3Tp%2Ba9b9P7hSmpVvTlzO0uJzyTOB4ig7ZpN%2F6MYMIhYe9D4q0UJE7kM4IDwqm8MvkDtedN7B7rwj%2F8MHyx625W4ERGa2T2IGhxPvXwOHZHt4Be%2FNIkRfn6E4bMquHQxkCpf4X9b1yM0TUlDixsLmNBAqzy6XKbc1Ldg%2Bx9JBZG5muEfJ%2F2mUyjGLC68VPRI7xpr6K3KXptOddI3QUa8llaS3XA5hR9rCiP%2FG1KLtWTVqcxTJmTi8%2BWBbQhnBWDbUHVGjtwnYTs7d6Jcn%2BfaBc2TfnQa4QEKHSJWMWAjTmbt1egKyAueQpfc4ZK0lvoHp9icDsxOJhz2tBQj1GswyQQ9KgAO8nwdOZs8%3D&searchVariation=191958417421#polycard_client=search-desktop&is_advertising=true&searchVariation=191958417421&search_layout=grid&position=2&type=pad&tracking_id=958350a8-a560-4110-8858-75bfbda7a1cf
cemento gris 50 kg,Cemento Gris Monterrey Bulto 25kg Cemex Cemgris25,https://www.mercadolibre.com.mx/cemento-gris-monterrey-bulto-25kg-cemex-cemgris25/p/MLM53363148#polycard_client=search-desktop&search_layout=grid&position=3&type=product&tracking_id=958350a8-a560-4110-8858-75bfbda7a1cf&wid=MLM2392683695&sid=search,$280,CEMEX por Plomerama,280,https://www.mercadolibre.com.mx/cemento-gris-monterrey-bulto-25kg-cemex-cemgris25/p/MLM53363148#polycard_client=search-desktop&search_layout=grid&position=3&type=product&tracking_id=958350a8-a560-4110-8858-75bfbda7a1cf&wid=MLM2392683695&sid=search
cemento gris 50 kg,Desmoldante Para Cemento 5kg Color Dark Gray/ Rinde 50m2,https://www.mercadolibre.com.mx/desmoldante-para-cemento-5kg-color-dark-gray-rinde-50m2/p/MLM2054451943#polycard_client=search-desktop&search_layout=grid&position=4&type=product&tracking_id=958350a8-a560-4110-8858-75bfbda7a1cf&wid=MLM896477066&sid=search,$720,NA,720,https://www.mercadolibre.com.mx/desmoldante-para-cemento-5kg-color-dark-gray-rinde-50m2/p/MLM2054451943#polycard_client=search-desktop&search_layout=grid&position=4&type=product&tracking_id=958350a8-a560-4110-8858-75bfbda7a1cf&wid=MLM896477066&sid=search
cemento gris 50 kg,Cemento Para Pvc 50 Ml :44924,https://www.mercadolibre.com.mx/cemento-para-pvc-50-ml-44924/p/MLM37780424#polycard_client=search-desktop&search_layout=grid&position=5&type=product&tracking_id=958350a8-a560-4110-8858-75bfbda7a1cf&wid=MLM2087050203&sid=search,$185,FOSET,185,https://www.mercadolibre.com.mx/cemento-para-pvc-50-ml-44924/p/MLM37780424#polycard_client=search-desktop&search_layout=grid&position=5&type=product&tracking_id=958350a8-a560-4110-8858-75bfbda7a1cf&wid=MLM2087050203&sid=search
cemento gris 50 kg,"Cemento Para Pvc, Gris, Máxima Viscosidad, Tubo 50ml, Foset",https://www.mercadolibre.com.mx/cemento-para-pvc-gris-maxima-viscosidad-tubo-50ml-foset/up/MLMU3781798094#polycard_client=search-desktop&search_layout=grid&position=6&type=product&tracking_id=958350a8-a560-4110-8858-75bfbda7a1cf&wid=MLM4751127114&sid=search,$74,FOSET,74,https://www.mercadolibre.com.mx/cemento-para-pvc-gris-maxima-viscosidad-tubo-50ml-foset/up/MLMU3781798094#polycard_client=search-desktop&search_layout=grid&position=6&type=product&tracking_id=958350a8-a560-4110-8858-75bfbda7a1cf&wid=MLM4751127114&sid=search
cemento gris 50 kg,Desmoldante En Polvo Para Concreto / Kimirelease 5 Kg.,https://articulo.mercadolibre.com.mx/MLM-1374209123-desmoldante-en-polvo-para-concreto-kimirelease-5-kg-_JM?searchVariation=174167023527#polycard_client=search-desktop&searchVariation=174167023527&search_layout=grid&position=7&type=item&tracking_id=958350a8-a560-4110-8858-75bfbda7a1cf,$650,KIMIKOLOR,650,https://articulo.mercadolibre.com.mx/MLM-1374209123-desmoldante-en-polvo-para-concreto-kimirelease-5-kg-_JM?searchVariation=174167023527#polycard_client=search-desktop&searchVariation=174167023527&search_layout=grid&position=7&type=item&tracking_id=958350a8-a560-4110-8858-75bfbda7a1cf
cemento gris 50 kg,"Cemento Para Pvc En Tubo De 50 Ml, Alta Viscosidad, Foset.",https://www.mercadolibre.com.mx/cemento-para-pvc-en-tubo-de-50-ml-alta-viscosidad-foset/up/MLMU474087145#polycard_client=search-desktop&search_layout=grid&position=8&type=product&tracking_id=958350a8-a560-4110-8858-75bfbda7a1cf&wid=MLM2076176775&sid=search,$134,FOSET,134,https://www.mercadolibre.com.mx/cemento-para-pvc-en-tubo-de-50-ml-alta-viscosidad-foset/up/MLMU474087145#polycard_client=search-desktop&search_layout=grid&position=8&type=product&tracking_id=958350a8-a560-4110-8858-75bfbda7a1cf&wid=MLM2076176775&sid=search
cemento gris 50 kg,Pigmento Para Microcemento Fly Heart Pisos Muros Muebles 50g,https://articulo.mercadolibre.com.mx/MLM-2822068110-pigmento-para-microcemento-fly-heart-pisos-muros-muebles-50g-_JM?searchVariation=181484994879#polycard_client=search-desktop&searchVariation=181484994879&search_layout=grid&position=9&type=item&tracking_id=958350a8-a560-4110-8858-75bfbda7a1cf,$169,FLY HEART,169,https://articulo.mercadolibre.com.mx/MLM-2822068110-pigmento-para-microcemento-fly-heart-pisos-muros-muebles-50g-_JM?searchVariation=181484994879#polycard_client=search-desktop&searchVariation=181484994879&search_layout=grid&position=9&type=item&tracking_id=958350a8-a560-4110-8858-75bfbda7a1cf
cemento gris 50 kg,Cemento Revoque Refractario Para Hornos Cubilote Crisoles,https://www.mercadolibre.com.mx/cemento-revoque-refractario-para-hornos-cubilote-crisoles/up/MLMU3879017802#polycard_client=search-desktop&search_layout=grid&position=10&type=product&tracking_id=958350a8-a560-4110-8858-75bfbda7a1cf&wid=MLM5101509888&sid=search,$550,NA,550,https://www.mercadolibre.com.mx/cemento-revoque-refractario-para-hornos-cubilote-crisoles/up/MLMU3879017802#polycard_client=search-desktop&search_layout=grid&position=10&type=product&tracking_id=958350a8-a560-4110-8858-75bfbda7a1cf&wid=MLM5101509888&sid=search
cemento gris 50 kg,Cemento Expansivo Dexpan 2 20kg. Demoledor Roca Y Concreto,https://www.mercadolibre.com.mx/cemento-expansivo-dexpan-2-20kg-demoledor-roca-y-concreto/p/MLM2072308055#polycard_client=search-desktop&search_layout=grid&position=11&type=product&tracking_id=958350a8-a560-4110-8858-75bfbda7a1cf&wid=MLM2760117511&sid=search,"$2,200",DEXPAN,2200,https://www.mercadolibre.com.mx/cemento-expansivo-dexpan-2-20kg-demoledor-roca-y-concreto/p/MLM2072308055#polycard_client=search-desktop&search_layout=grid&position=11&type=product&tracking_id=958350a8-a560-4110-8858-75bfbda7a1cf&wid=MLM2760117511&sid=search
cemento gris 50 kg,Cemento Antihumedad Cemex Portland Gris 25 Kg Resistente a Humedad,https://www.mercadolibre.com.mx/cemento-antihumedad-cemex-portland-gris-25-kg-resistente-a-humedad/p/MLM50013556#polycard_client=search-desktop&search_layout=grid&position=12&type=product&tracking_id=958350a8-a560-4110-8858-75bfbda7a1cf&wid=MLM2350620307&sid=search,$470,CEMEX por Plomerama,470,https://www.mercadolibre.com.mx/cemento-antihumedad-cemex-portland-gris-25-kg-resistente-a-humedad/p/MLM50013556#polycard_client=search-desktop&search_layout=grid&position=12&type=product&tracking_id=958350a8-a560-4110-8858-75bfbda7a1cf&wid=MLM2350620307&sid=search
cemento gris 50 kg,Desmoldante Concreto Estampado Gris Oscuro Spg (10 Kgs),https://www.mercadolibre.com.mx/desmoldante-concreto-estampado-gris-oscuro-spg-10-kgs/p/MLM2076315890#polycard_client=search-desktop&search_layout=grid&position=13&type=product&tracking_id=958350a8-a560-4110-8858-75bfbda7a1cf&wid=MLM1416403692&sid=search,"$1,379",SPG,1379,https://www.mercadolibre.com.mx/desmoldante-concreto-estampado-gris-oscuro-spg-10-kgs/p/MLM2076315890#polycard_client=search-desktop&search_layout=grid&position=13&type=product&tracking_id=958350a8-a560-4110-8858-75bfbda7a1cf&wid=MLM1416403692&sid=search
cemento gris 50 kg,Cemento Gris Extra Porland Reparador Grietas 2kg Cemex,https://www.mercadolibre.com.mx/cemento-gris-extra-porland-reparador-grietas-2kg-cemex/p/MLM28031675#polycard_client=search-desktop&search_layout=grid&position=14&type=product&tracking_id=958350a8-a560-4110-8858-75bfbda7a1cf&wid=MLM2003142105&sid=search,$61,CEMEX por Plomerama,61,https://www.mercadolibre.com.mx/cemento-gris-extra-porland-reparador-grietas-2kg-cemex/p/MLM28031675#polycard_client=search-desktop&search_layout=grid&position=14&type=product&tracking_id=958350a8-a560-4110-8858-75bfbda7a1cf&wid=MLM2003142105&sid=search
cemento gris 50 kg,Reparador De Concretos Autonivelante Planarcem 100 Pegaduro,https://www.mercadolibre.com.mx/reparador-de-concretos-autonivelante-planarcem-100-pegaduro/p/MLM51112418#polycard_client=search-desktop&search_layout=grid&position=15&type=product&tracking_id=958350a8-a560-4110-8858-75bfbda7a1cf&wid=MLM3750725014&sid=search,$839,PEGADURO,839,https://www.mercadolibre.com.mx/reparador-de-concretos-autonivelante-planarcem-100-pegaduro/p/MLM51112418#polycard_client=search-desktop&search_layout=grid&position=15&type=product&tracking_id=958350a8-a560-4110-8858-75bfbda7a1cf&wid=MLM3750725014&sid=search
cemento gris 50 kg,Cemento Azul Para Pvc En Tubo De 50ml Alta Presión Foset,https://www.mercadolibre.com.mx/cemento-azul-para-pvc-en-tubo-de-50ml-alta-presion-foset/p/MLM46143590#polycard_client=search-desktop&search_layout=grid&position=16&type=product&tracking_id=958350a8-a560-4110-8858-75bfbda7a1cf&wid=MLM4847708504&sid=search,$55,FOSET por CADENA 24,55,https://www.mercadolibre.com.mx/cemento-azul-para-pvc-en-tubo-de-50ml-alta-presion-foset/p/MLM46143590#polycard_client=search-desktop&search_layout=grid&position=16&type=product&tracking_id=958350a8-a560-4110-8858-75bfbda7a1cf&wid=MLM4847708504&sid=search
cemento gris 50 kg,"Cemento Para Pvc, Tubo De 50ml, Alta Viscosidad, Foset 44924",https://www.mercadolibre.com.mx/cemento-para-pvc-tubo-de-50ml-alta-viscosidad-foset-44924/up/MLMU2134978525#polycard_client=search-desktop&search_layout=grid&position=17&type=product&tracking_id=958350a8-a560-4110-8858-75bfbda7a1cf&wid=MLM3404245172&sid=search,$74,FOSET,74,https://www.mercadolibre.com.mx/cemento-para-pvc-tubo-de-50ml-alta-viscosidad-foset-44924/up/MLMU2134978525#polycard_client=search-desktop&search_layout=grid&position=17&type=product&tracking_id=958350a8-a560-4110-8858-75bfbda7a1cf&wid=MLM3404245172&sid=search
cemento gris 50 kg,Ardex Feather Finish Gris 4 Bolsas De 10 Lbs,https://www.mercadolibre.com.mx/cemento-base-gris-ardex-feather-pack-de-4-bolsas-454-kg/p/MLM2044559782#polycard_client=search-desktop&search_layout=grid&position=18&type=product&tracking_id=958350a8-a560-4110-8858-75bfbda7a1cf&wid=MLM1813492239&sid=search,"$3,100",ARDEX,3100,https://www.mercadolibre.com.mx/cemento-base-gris-ardex-feather-pack-de-4-bolsas-454-kg/p/MLM2044559782#polycard_client=search-desktop&search_layout=grid&position=18&type=product&tracking_id=958350a8-a560-4110-8858-75bfbda7a1cf&wid=MLM1813492239&sid=search
cemento gris 50 kg,Concreto Refractario. Cemento Refractario 10kg,https://www.mercadolibre.com.mx/concreto-refractario-cemento-refractario-10kg/p/MLM2055562049#polycard_client=search-desktop&search_layout=grid&position=19&type=product&tracking_id=958350a8-a560-4110-8858-75bfbda7a1cf&wid=MLM3689947564&sid=search,$790,WM,790,https://www.mercadolibre.com.mx/concreto-refractario-cemento-refractario-10kg/p/MLM2055562049#polycard_client=search-desktop&search_layout=grid&position=19&type=product&tracking_id=958350a8-a560-4110-8858-75bfbda7a1cf&wid=MLM3689947564&sid=search
cemento gris 50 kg,Resanacreto Salitre Bolsa De 5kg,https://www.mercadolibre.com.mx/resanacreto-salitre-bolsa-de-5kg/p/MLM52290176#polycard_client=search-desktop&search_layout=grid&position=20&type=product&tracking_id=958350a8-a560-4110-8858-75bfbda7a1cf&wid=MLM2369321479&sid=search,$495,RESANACRETO,495,https://www.mercadolibre.com.mx/resanacreto-salitre-bolsa-de-5kg/p/MLM52290176#polycard_client=search-desktop&search_layout=grid&position=20&type=product&tracking_id=958350a8-a560-4110-8858-75bfbda7a1cf&wid=MLM2369321479&sid=search
cemento gris 50 kg,Cemento Blanco Portland Cemex Reparador Grietas 2kg,https://www.mercadolibre.com.mx/cemento-blanco-portland-cemex-reparador-grietas-2kg/p/MLM28027410#polycard_client=search-desktop&search_layout=grid&position=21&type=product&tracking_id=958350a8-a560-4110-8858-75bfbda7a1cf&wid=MLM3895463822&sid=search,$130,CEMEX por Plomerama,130,https://www.mercadolibre.com.mx/cemento-blanco-portland-cemex-reparador-grietas-2kg/p/MLM28027410#polycard_client=search-desktop&search_layout=grid&position=21&type=product&tracking_id=958350a8-a560-4110-8858-75bfbda7a1cf&wid=MLM3895463822&sid=search
cemento gris 50 kg,Cemento Para Pvc En Tubo De 50ml Baja Presión Foset,https://www.mercadolibre.com.mx/cemento-para-pvc-en-tubo-de-50ml-baja-presion-foset/p/MLM38212533#polycard_client=search-desktop&search_layout=grid&position=22&type=product&tracking_id=958350a8-a560-4110-8858-75bfbda7a1cf&wid=MLM4996293140&sid=search,$59,FOSET,59,https://www.mercadolibre.com.mx/cemento-para-pvc-en-tubo-de-50ml-baja-presion-foset/p/MLM38212533#polycard_client=search-desktop&search_layout=grid&position=22&type=product&tracking_id=958350a8-a560-4110-8858-75bfbda7a1cf&wid=MLM4996293140&sid=search
cemento gris 50 kg,Cemento PVC Omega Solder Dorado 50ml Tubo Resistente Adherente,https://www.mercadolibre.com.mx/cemento-pvc-omega-solder-dorado-50ml-tubo-resistente-adherente/p/MLM59973859#polycard_client=search-desktop&search_layout=grid&position=23&type=product&tracking_id=958350a8-a560-4110-8858-75bfbda7a1cf&wid=MLM4191942106&sid=search,"$128,99",OMEGA SOLDER,128.99,https://www.mercadolibre.com.mx/cemento-pvc-omega-solder-dorado-50ml-tubo-resistente-adherente/p/MLM59973859#polycard_client=search-desktop&search_layout=grid&position=23&type=product&tracking_id=958350a8-a560-4110-8858-75bfbda7a1cf&wid=MLM4191942106&sid=search
cemento gris 50 kg,Microcemento Pegaduro (10 Kg),https://www.mercadolibre.com.mx/microcemento-pegaduro-saco-10kg/p/MLM2075717134#polycard_client=search-desktop&search_layout=grid&position=24&type=product&tracking_id=958350a8-a560-4110-8858-75bfbda7a1cf&wid=MLM3326491536&sid=search,$590,PEGADURO,590,https://www.mercadolibre.com.mx/microcemento-pegaduro-saco-10kg/p/MLM2075717134#polycard_client=search-desktop&search_layout=grid&position=24&type=product&tracking_id=958350a8-a560-4110-8858-75bfbda7a1cf&wid=MLM3326491536&sid=search
cemento gris 50 kg,Macrofibra Refuerzo Concreto Vortex 54mm - 1 Kg,https://www.mercadolibre.com.mx/macrofibra-refuerzo-concreto-vortex-54mm-1-kg/p/MLM65229832#polycard_client=search-desktop&search_layout=grid&position=25&type=product&tracking_id=958350a8-a560-4110-8858-75bfbda7a1cf&wid=MLM2730085193&sid=search,$150,PSI,150,https://www.mercadolibre.com.mx/macrofibra-refuerzo-concreto-vortex-54mm-1-kg/p/MLM65229832#polycard_client=search-desktop&search_layout=grid&position=25&type=product&tracking_id=958350a8-a560-4110-8858-75bfbda7a1cf&wid=MLM2730085193&sid=search
cemento gris 50 kg,Ardex Feather Finish Gris Bolsa 10 Lbs,https://www.mercadolibre.com.mx/ardex-feather-finish-gris-cemento-para-parcheo/p/MLM2044808018#polycard_client=search-desktop&search_layout=grid&position=26&type=product&tracking_id=958350a8-a560-4110-8858-75bfbda7a1cf&wid=MLM1813452767&sid=search,$850,ARDEX,850,https://www.mercadolibre.com.mx/ardex-feather-finish-gris-cemento-para-parcheo/p/MLM2044808018#polycard_client=search-desktop&search_layout=grid&position=26&type=product&tracking_id=958350a8-a560-4110-8858-75bfbda7a1cf&wid=MLM1813452767&sid=search
cemento gris 50 kg,Restaurador de Concreto Mapei Mapecem Quickpatch Gris 11.35 Kg,https://www.mercadolibre.com.mx/restaurador-de-concreto-mapei-mapecem-quickpatch-gris-1135-kg/p/MLM39956569#polycard_client=search-desktop&search_layout=grid&position=27&type=product&tracking_id=958350a8-a560-4110-8858-75bfbda7a1cf&wid=MLM2516616863&sid=search,$859,MAPEI,859,https://www.mercadolibre.com.mx/restaurador-de-concreto-mapei-mapecem-quickpatch-gris-1135-kg/p/MLM39956569#polycard_client=search-desktop&search_layout=grid&position=27&type=product&tracking_id=958350a8-a560-4110-8858-75bfbda7a1cf&wid=MLM2516616863&sid=search
cemento gris 50 kg,"Cemento P/pvc, Azul, Alta Presión, Tubo 50ml, Foset 42023",https://www.mercadolibre.com.mx/cemento-ppvc-azul-alta-presion-tubo-50ml-foset-42023/up/MLMU3772825929#polycard_client=search-desktop&search_layout=grid&position=28&type=product&tracking_id=958350a8-a560-4110-8858-75bfbda7a1cf&wid=MLM2732783947&sid=search,$55,FOSET por CADENA 24,55,https://www.mercadolibre.com.mx/cemento-ppvc-azul-alta-presion-tubo-50ml-foset-42023/up/MLMU3772825929#polycard_client=search-desktop&search_layout=grid&position=28&type=product&tracking_id=958350a8-a560-4110-8858-75bfbda7a1cf&wid=MLM2732783947&sid=search
cemento gris 50 kg,"Cemento Para Pvc En Tubo De 50 Ml, Alta Viscosidad, Foset",https://www.mercadolibre.com.mx/cemento-para-pvc-en-tubo-de-50-ml-alta-viscosidad-foset/up/MLMU967490143#polycard_client=search-desktop&search_layout=grid&position=29&type=product&tracking_id=958350a8-a560-4110-8858-75bfbda7a1cf&wid=MLM3017062270&sid=search,$72,FOSET por MUNDO TOOL,72,https://www.mercadolibre.com.mx/cemento-para-pvc-en-tubo-de-50-ml-alta-viscosidad-foset/up/MLMU967490143#polycard_client=search-desktop&search_layout=grid&position=29&type=product&tracking_id=958350a8-a560-4110-8858-75bfbda7a1cf&wid=MLM3017062270&sid=search
cemento gris 50 kg,"Cemento Para Pvc En Tubo De 50 Ml, Baja Presión, Foset 49560",https://www.mercadolibre.com.mx/cemento-para-pvc-en-tubo-de-50-ml-baja-presion-foset-49560/up/MLMU488673493#polycard_client=search-desktop&search_layout=grid&position=30&type=product&tracking_id=958350a8-a560-4110-8858-75bfbda7a1cf&wid=MLM2421252906&sid=search,$122,FOSET,122,https://www.mercadolibre.com.mx/cemento-para-pvc-en-tubo-de-50-ml-baja-presion-foset-49560/up/MLMU488673493#polycard_client=search-desktop&search_layout=grid&position=30&type=product&tracking_id=958350a8-a560-4110-8858-75bfbda7a1cf&wid=MLM2421252906&sid=search
cemento gris 50 kg,"Cemento Azul Para Pvc En Tubo De 50 Ml, Alta Presión, Foset.",https://www.mercadolibre.com.mx/cemento-azul-para-pvc-en-tubo-de-50-ml-alta-presion-foset/up/MLMU702539567#polycard_client=search-desktop&search_layout=grid&position=31&type=product&tracking_id=958350a8-a560-4110-8858-75bfbda7a1cf&wid=MLM1930388551&sid=search,$124,FOSET,124,https://www.mercadolibre.com.mx/cemento-azul-para-pvc-en-tubo-de-50-ml-alta-presion-foset/up/MLMU702539567#polycard_client=search-desktop&search_layout=grid&position=31&type=product&tracking_id=958350a8-a560-4110-8858-75bfbda7a1cf&wid=MLM1930388551&sid=search
cemento gris 50 kg,"Cemento P/cpvc, Amarillo, Toda Presión, Tubo 50ml, Foset.",https://www.mercadolibre.com.mx/cemento-pcpvc-amarillo-toda-presion-tubo-50ml-foset/up/MLMU3565376609#polycard_client=search-desktop&search_layout=grid&position=32&type=product&tracking_id=958350a8-a560-4110-8858-75bfbda7a1cf&wid=MLM4384940030&sid=search,$124,FOSET,124,https://www.mercadolibre.com.mx/cemento-pcpvc-amarillo-toda-presion-tubo-50ml-foset/up/MLMU3565376609#polycard_client=search-desktop&search_layout=grid&position=32&type=product&tracking_id=958350a8-a560-4110-8858-75bfbda7a1cf&wid=MLM4384940030&sid=search
cemento gris 50 kg,Cemento Para Cpvc 50 G Altas Temperaturas Aksi 109911,https://www.mercadolibre.com.mx/cemento-para-cpvc-50-g-altas-temperaturas-aksi-109911/up/MLMU900640120#polycard_client=search-desktop&search_layout=grid&position=33&type=product&tracking_id=958350a8-a560-4110-8858-75bfbda7a1cf&wid=MLM1514619887&sid=search,$59,AKSI por Ferretera La Fama,59,https://www.mercadolibre.com.mx/cemento-para-cpvc-50-g-altas-temperaturas-aksi-109911/up/MLMU900640120#polycard_client=search-desktop&search_layout=grid&position=33&type=product&tracking_id=958350a8-a560-4110-8858-75bfbda7a1cf&wid=MLM1514619887&sid=search
cemento gris 50 kg,Desmoldante En Polvo Concreto Estampado 17kg Gris,https://www.mercadolibre.com.mx/desmoldante-en-polvo-concreto-estampado-17kg-gris/p/MLM2059916834#polycard_client=search-desktop&search_layout=grid&position=34&type=product&tracking_id=958350a8-a560-4110-8858-75bfbda7a1cf&wid=MLM2271417255&sid=search,"$1,021",CEMTECH,1021,https://www.mercadolibre.com.mx/desmoldante-en-polvo-concreto-estampado-17kg-gris/p/MLM2059916834#polycard_client=search-desktop&search_layout=grid&position=34&type=product&tracking_id=958350a8-a560-4110-8858-75bfbda7a1cf&wid=MLM2271417255&sid=search
cemento gris 50 kg,Concreto Refractario Gris 10kg Diversistem Resiste hasta 1350°C,https://www.mercadolibre.com.mx/concreto-refractario-gris-10kg-diversistem-resiste-hasta-1350c/p/MLM26715581#polycard_client=search-desktop&search_layout=grid&position=35&type=product&tracking_id=958350a8-a560-4110-8858-75bfbda7a1cf&wid=MLM4789008876&sid=search,$999,DIVERSISTEM REFRACTARIOS,999,https://www.mercadolibre.com.mx/concreto-refractario-gris-10kg-diversistem-resiste-hasta-1350c/p/MLM26715581#polycard_client=search-desktop&search_layout=grid&position=35&type=product&tracking_id=958350a8-a560-4110-8858-75bfbda7a1cf&wid=MLM4789008876&sid=search
cemento gris 50 kg,"Cemento Para Pvc En Tubo De 50 Ml, Baja Presión, Foset 49560",https://www.mercadolibre.com.mx/cemento-para-pvc-en-tubo-de-50-ml-baja-presion-foset-49560/up/MLMU2186320600#polycard_client=search-desktop&search_layout=grid&position=36&type=product&tracking_id=958350a8-a560-4110-8858-75bfbda7a1cf&wid=MLM2159300257&sid=search,"$82,34",FOSET,82.34,https://www.mercadolibre.com.mx/cemento-para-pvc-en-tubo-de-50-ml-baja-presion-foset-49560/up/MLMU2186320600#polycard_client=search-desktop&search_layout=grid&position=36&type=product&tracking_id=958350a8-a560-4110-8858-75bfbda7a1cf&wid=MLM2159300257&sid=search
cemento gris 50 kg,Cemento Para Plástico 50 Ml Testors 2908,https://www.mercadolibre.com.mx/cemento-para-plastico-testors-290278-50-g-secado-rapido/p/MLM2046447835#polycard_client=search-desktop&search_layout=grid&position=37&type=product&tracking_id=958350a8-a560-4110-8858-75bfbda7a1cf&wid=MLM3864370624&sid=search,$916,TESTORS,916,https://www.mercadolibre.com.mx/cemento-para-plastico-testors-290278-50-g-secado-rapido/p/MLM2046447835#polycard_client=search-desktop&search_layout=grid&position=37&type=product&tracking_id=958350a8-a560-4110-8858-75bfbda7a1cf&wid=MLM3864370624&sid=search
cemento gris 50 kg,"Concreto Refractario Para Horno Leña 10 Kg Piso,muros",https://www.mercadolibre.com.mx/concreto-refractario-para-horno-lena-10-kg-pisomuros/p/MLM2055661289#polycard_client=search-desktop&search_layout=grid&position=38&type=product&tracking_id=958350a8-a560-4110-8858-75bfbda7a1cf&wid=MLM2423510925&sid=search,$504,REDZONE,504,https://www.mercadolibre.com.mx/concreto-refractario-para-horno-lena-10-kg-pisomuros/p/MLM2055661289#polycard_client=search-desktop&search_layout=grid&position=38&type=product&tracking_id=958350a8-a560-4110-8858-75bfbda7a1cf&wid=MLM2423510925&sid=search
cemento gris 50 kg,Desmoldante Gris Oscuro Para Concreto Estampado,https://www.mercadolibre.com.mx/desmoldante-cafe-claro-para-concreto-estampado/p/MLM2076410952#polycard_client=search-desktop&search_layout=grid&position=39&type=product&tracking_id=958350a8-a560-4110-8858-75bfbda7a1cf&wid=MLM1782149909&sid=search,$978,SICONE,978,https://www.mercadolibre.com.mx/desmoldante-cafe-claro-para-concreto-estampado/p/MLM2076410952#polycard_client=search-desktop&search_layout=grid&position=39&type=product&tracking_id=958350a8-a560-4110-8858-75bfbda7a1cf&wid=MLM1782149909&sid=search
cemento gris 50 kg,Macetas De Velas De Cemento - Velas Aromaterapia 8oz X 50,https://www.mercadolibre.com.mx/macetas-de-velas-de-cemento--velas-aromaterapia-8oz-x-50/up/MLMU3291722633#polycard_client=search-desktop&search_layout=grid&position=40&type=product&tracking_id=958350a8-a560-4110-8858-75bfbda7a1cf&wid=MLM3833002364&sid=search,"$1,604",NA,1604,https://www.mercadolibre.com.mx/macetas-de-velas-de-cemento--velas-aromaterapia-8oz-x-50/up/MLMU3291722633#polycard_client=search-desktop&search_layout=grid&position=40&type=product&tracking_id=958350a8-a560-4110-8858-75bfbda7a1cf&wid=MLM3833002364&sid=search
cemento gris 50 kg,Pigmento Microcemento Fly Heart 50g Pisos Muros Muebles Decoración,https://www.mercadolibre.com.mx/pigmento-microcemento-fly-heart-50g-pisos-muros-muebles-decoracion/p/MLM44438461#polycard_client=search-desktop&search_layout=grid&position=41&type=product&tracking_id=958350a8-a560-4110-8858-75bfbda7a1cf&wid=MLM4240189932&sid=search,$169,FLY HEART,169,https://www.mercadolibre.com.mx/pigmento-microcemento-fly-heart-50g-pisos-muros-muebles-decoracion/p/MLM44438461#polycard_client=search-desktop&search_layout=grid&position=41&type=product&tracking_id=958350a8-a560-4110-8858-75bfbda7a1cf&wid=MLM4240189932&sid=search
cemento gris 50 kg,Pigmento Para Microcementos Color Gris Claro 200g Pegaduro,https://www.mercadolibre.com.mx/pigmento-para-microcementos-color-gris-claro-200g-pegaduro/p/MLM53393238#polycard_client=search-desktop&search_layout=grid&position=42&type=product&tracking_id=958350a8-a560-4110-8858-75bfbda7a1cf&wid=MLM3884174562&sid=search,$98,PEGADURO,98,https://www.mercadolibre.com.mx/pigmento-para-microcementos-color-gris-claro-200g-pegaduro/p/MLM53393238#polycard_client=search-desktop&search_layout=grid&position=42&type=product&tracking_id=958350a8-a560-4110-8858-75bfbda7a1cf&wid=MLM3884174562&sid=search
cemento gris 50 kg,Concreto Refractario. Cemento Refractario 25kg,https://www.mercadolibre.com.mx/concreto-refractario-cemento-refractario-25kg/up/MLMU698568987#polycard_client=search-desktop&search_layout=grid&position=43&type=product&tracking_id=958350a8-a560-4110-8858-75bfbda7a1cf&wid=MLM1588168071&sid=search,"$1,250",WM,1250,https://www.mercadolibre.com.mx/concreto-refractario-cemento-refractario-25kg/up/MLMU698568987#polycard_client=search-desktop&search_layout=grid&position=43&type=product&tracking_id=958350a8-a560-4110-8858-75bfbda7a1cf&wid=MLM1588168071&sid=search
cemento gris 50 kg,Pigmento Rojo Mineral Bulto De 50 Kg Para Block Y Adoquin,https://www.mercadolibre.com.mx/pigmento-rojo-mineral-bulto-de-50-kg-para-block-y-adoquin/up/MLMU3894726053#polycard_client=search-desktop&search_layout=grid&position=44&type=product&tracking_id=958350a8-a560-4110-8858-75bfbda7a1cf&wid=MLM5179895596&sid=search,"$1,680",CKUANE,1680,https://www.mercadolibre.com.mx/pigmento-rojo-mineral-bulto-de-50-kg-para-block-y-adoquin/up/MLMU3894726053#polycard_client=search-desktop&search_layout=grid&position=44&type=product&tracking_id=958350a8-a560-4110-8858-75bfbda7a1cf&wid=MLM5179895596&sid=search
cemento gris 50 kg,Bulto De Pigmento Mineral Amarillo De50 Kg Para Block Ckuane,https://www.mercadolibre.com.mx/bulto-de-pigmento-mineral-amarillo-de50-kg-para-block-ckuane/up/MLMU3903001322#polycard_client=search-desktop&search_layout=grid&position=45&type=product&tracking_id=958350a8-a560-4110-8858-75bfbda7a1cf&wid=MLM2859319737&sid=search,"$1,680",CKUANE,1680,https://www.mercadolibre.com.mx/bulto-de-pigmento-mineral-amarillo-de50-kg-para-block-ckuane/up/MLMU3903001322#polycard_client=search-desktop&search_layout=grid&position=45&type=product&tracking_id=958350a8-a560-4110-8858-75bfbda7a1cf&wid=MLM2859319737&sid=search
cemento gris 50 kg,Desmoldante Concreto Estampado Gris Oscuro Spg (5 Kgs),https://www.mercadolibre.com.mx/desmoldante-concreto-estampado-gris-oscuro-spg-5-kgs/up/MLMU457608635#polycard_client=search-desktop&search_layout=grid&position=46&type=product&tracking_id=958350a8-a560-4110-8858-75bfbda7a1cf&wid=MLM1454418827&sid=search,$719,SPG,719,https://www.mercadolibre.com.mx/desmoldante-concreto-estampado-gris-oscuro-spg-5-kgs/up/MLMU457608635#polycard_client=search-desktop&search_layout=grid&position=46&type=product&tracking_id=958350a8-a560-4110-8858-75bfbda7a1cf&wid=MLM1454418827&sid=search
cemento gris 50 kg,Microcemento Perdura Gris 20kg,https://www.mercadolibre.com.mx/microcemento-perdura-gris-20kg/p/MLM50118676#polycard_client=search-desktop&search_layout=grid&position=47&type=product&tracking_id=958350a8-a560-4110-8858-75bfbda7a1cf&wid=MLM4788822620&sid=search,$659,PERDURA,659,https://www.mercadolibre.com.mx/microcemento-perdura-gris-20kg/p/MLM50118676#polycard_client=search-desktop&search_layout=grid&position=47&type=product&tracking_id=958350a8-a560-4110-8858-75bfbda7a1cf&wid=MLM4788822620&sid=search
cemento gris 50 kg,Bulto De Pigmento Mineral Naranja De 50 Kg Para Block Ckuane,https://www.mercadolibre.com.mx/bulto-de-pigmento-mineral-naranja-de-50-kg-para-block-ckuane/up/MLMU3906132602#polycard_client=search-desktop&search_layout=grid&position=48&type=product&tracking_id=958350a8-a560-4110-8858-75bfbda7a1cf&wid=MLM5180370236&sid=search,"$1,680",CKUANE,1680,https://www.mercadolibre.com.mx/bulto-de-pigmento-mineral-naranja-de-50-kg-para-block-ckuane/up/MLMU3906132602#polycard_client=search-desktop&search_layout=grid&position=48&type=product&tracking_id=958350a8-a560-4110-8858-75bfbda7a1cf&wid=MLM5180370236&sid=search
cemento gris 50 kg,Bulto De 50 Kg Pigmento Mineral Café Para Adoquin Ckuane,https://www.mercadolibre.com.mx/bulto-de-50-kg-pigmento-mineral-cafe-para-adoquin-ckuane/up/MLMU3894784573#polycard_client=search-desktop&search_layout=grid&position=49&type=product&tracking_id=958350a8-a560-4110-8858-75bfbda7a1cf&wid=MLM5180407870&sid=search,"$1,680",CKUANE,1680,https://www.mercadolibre.com.mx/bulto-de-50-kg-pigmento-mineral-cafe-para-adoquin-ckuane/up/MLMU3894784573#polycard_client=search-desktop&search_layout=grid&position=49&type=product&tracking_id=958350a8-a560-4110-8858-75bfbda7a1cf&wid=MLM5180407870&sid=search
cemento gris 50 kg,Formula 2000 Calafateador - Sustituto Pc4,https://www.mercadolibre.com.mx/formula-2000-calafateador--sustituto-pc4/up/MLMU400262514#polycard_client=search-desktop&search_layout=grid&position=50&type=product&tracking_id=958350a8-a560-4110-8858-75bfbda7a1cf&wid=MLM1770783514&sid=search,$239,FORMULA 2000,239,https://www.mercadolibre.com.mx/formula-2000-calafateador--sustituto-pc4/up/MLMU400262514#polycard_client=search-desktop&search_layout=grid&position=50&type=product&tracking_id=958350a8-a560-4110-8858-75bfbda7a1cf&wid=MLM1770783514&sid=search
alambre recocido calibre 18,"Alambre Para Tallo Floral Blanco Decora Calibre 18, 16",https://click1.mercadolibre.com.mx/mclics/clicks/external/MLM/count?a=b8RTqHHA39Q%2Fp5RJ50HTtcDQSJgYUfRoMq89m1m8ptenBjnouLOQ92PXw%2FT4SKpABtfS%2FzqfI7othDucftqG6mEB87AcSwXp%2BD6hhrhbHVCzK3QdVKTWvBFNKKXROVpXsxsWz2sHWpGNBAKN2e7Dw5JDrl5JYEBUlseb3xRIlCCRXStQ%2BjUcogi%2BDepN7%2BBeDbmpLm74fa6YRKz7eJ4WCx5hybBDnPVvJlI53bjQN1ko1%2F5G8fUaNPvZ7JsEDEAgk8XaBxCdf3Q4rsZZ4V82riBvBihcRdLVv4WMK%2Bp4zQ%2FuRdZRtlU51MUjjZ%2FPxVQS%2BVgzw21%2FTPu5XcxseEHYv2jOD2abtcBZFhpZJbAqPFrsRbJWx19OkP9nTXISf4DbJusIQ0yFtcnnhOy8%2Fokf6oRwcQbxteIXRfaeMghXI5TxwxqUHNsjYiY8zhWPn16M44XmvddDSoeHbOv85vZSMCoVPEMWGsWN13S2%2Fk7SrSBbQ8XJyaMoxPgePXEwnSx42txcP6ZJo0MuF4Hnx7CdrH0EUdopXNlrmIE7YdQTBlBN5SVRPBfA7cX%2BEKXem6lTf%2FjimU3JrRA7t7%2F%2FOrTVeWts9oX63EGbblBsA61omxykNHpp3QNi4Pem%2BSvKqM4%2FSLiX6p4Zz3qRDQFy2jsYDt0uWCVQQQcgeISxDrmPfDo0w8Gy2WJhgZRpoHf7u7ysNa3lWxUM7WIsMIYkvBavj47CmU3BRsbIZlf5u8GnlJfeCt9UkFQn%2Fj68i3HezIo6QqHalMjRhWOIfDpi3J2sKXwGXzQgJOWuDkw7E8OzNGoLihcQK0G8fM4Cw2UVcAFdtfjvtQRzvW6jxKPMlbR04SsfDgQpyFMLwK6A43pqQvN63fln9YM%3D&searchVariation=192213886132#polycard_client=search-desktop&is_advertising=true&searchVariation=192213886132&search_layout=grid&position=1&type=pad&tracking_id=2d1c391b-dd4c-4166-834a-80b5ec62f764,"$179,78",NA,179.78,https://click1.mercadolibre.com.mx/mclics/clicks/external/MLM/count?a=b8RTqHHA39Q%2Fp5RJ50HTtcDQSJgYUfRoMq89m1m8ptenBjnouLOQ92PXw%2FT4SKpABtfS%2FzqfI7othDucftqG6mEB87AcSwXp%2BD6hhrhbHVCzK3QdVKTWvBFNKKXROVpXsxsWz2sHWpGNBAKN2e7Dw5JDrl5JYEBUlseb3xRIlCCRXStQ%2BjUcogi%2BDepN7%2BBeDbmpLm74fa6YRKz7eJ4WCx5hybBDnPVvJlI53bjQN1ko1%2F5G8fUaNPvZ7JsEDEAgk8XaBxCdf3Q4rsZZ4V82riBvBihcRdLVv4WMK%2Bp4zQ%2FuRdZRtlU51MUjjZ%2FPxVQS%2BVgzw21%2FTPu5XcxseEHYv2jOD2abtcBZFhpZJbAqPFrsRbJWx19OkP9nTXISf4DbJusIQ0yFtcnnhOy8%2Fokf6oRwcQbxteIXRfaeMghXI5TxwxqUHNsjYiY8zhWPn16M44XmvddDSoeHbOv85vZSMCoVPEMWGsWN13S2%2Fk7SrSBbQ8XJyaMoxPgePXEwnSx42txcP6ZJo0MuF4Hnx7CdrH0EUdopXNlrmIE7YdQTBlBN5SVRPBfA7cX%2BEKXem6lTf%2FjimU3JrRA7t7%2F%2FOrTVeWts9oX63EGbblBsA61omxykNHpp3QNi4Pem%2BSvKqM4%2FSLiX6p4Zz3qRDQFy2jsYDt0uWCVQQQcgeISxDrmPfDo0w8Gy2WJhgZRpoHf7u7ysNa3lWxUM7WIsMIYkvBavj47CmU3BRsbIZlf5u8GnlJfeCt9UkFQn%2Fj68i3HezIo6QqHalMjRhWOIfDpi3J2sKXwGXzQgJOWuDkw7E8OzNGoLihcQK0G8fM4Cw2UVcAFdtfjvtQRzvW6jxKPMlbR04SsfDgQpyFMLwK6A43pqQvN63fln9YM%3D&searchVariation=192213886132#polycard_client=search-desktop&is_advertising=true&searchVariation=192213886132&search_layout=grid&position=1&type=pad&tracking_id=2d1c391b-dd4c-4166-834a-80b5ec62f764
alambre recocido calibre 18,"Alambre Para Tallo Floral Blanco Decora Calibre 18, 16",https://click1.mercadolibre.com.mx/mclics/clicks/external/MLM/count?a=SE1viZugwC%2BLarJX44RoG39yCLICAEnW999lST9ilQ%2BRIeCsyk82Ejw7ho8yS%2FSsCaxTjDNfta31wfFmSy%2FzPSH7xkmSzVlCe1bG4Ip%2Fu3TerzFElEgGmfClZvSd9seFmq8WyyyFLrooXZURMSM8gIekiz4QwUH0FImXyGkp%2BL72ZkQKrM%2BGFHzjQkKaRj1Y3sHh%2B5%2Fy44%2BoTGqmL4%2F2Ze2nottvjk8yzC%2F27cjTvxaD%2FEV6sgKlLF8%2Fy0tSoJeEb10jQ1ydEvTDivNxy4tZeldVl0gdsxPt8JRt4HEj64ws5Vu0qkqL0ruVDBXkuC5MtM8WrJmvul2wQmP9Jdk12wtUnbKT1ye0cDpyhBCviAV2RjYkBTKrH%2BLDXxsGWf161j9sQS2Q%2BmNq0d0ZGVOeQ4ABbrP56gFvvaNCuI1C20djZBYvoebYMijN3cqMwdPHlIxejBIXNa8%2FUvoj9m6tpNntwLTIKNAr3TQqtpvXcEhgqbgfw75Zj2%2Ff3oityYAmh8tlxljnPk7OCDcb01XJbll6T1Y3L9HPBRTohxxdLo%2B%2FZV11BGEvtxVtQdFksb3RikI6gK1ziDX5X4CZH%2FmTFCVVNLt3fzCunT%2Bp9L1%2BtFgKpQs0rVTuQkgyeN2%2Fly2w8qPVZlh4UneErcJOJ9ypM5ZnUAI15sttesuMVLn93pEjcB3VxpyIHPUM%2B6hAVI%2F2xegiKN78mzSK18dI7rONAFpTJqxmnnFWjvMLhAuVYww8XExiKRuKFbe9%2BYLjzqvi6OtAhQ3z4S3yB5hzMXRzXhWHEYeQ4kfmSICAPGnLhX7k2QYY1xT7M7IzwMtxNXMfhCX4cbFsB15HrTuyer7KwIHOxDqArRy9MsZ471cSY0M2YBL6CW8%3D&searchVariation=192893448160#polycard_client=search-desktop&is_advertising=true&searchVariation=192893448160&search_layout=grid&position=2&type=pad&tracking_id=2d1c391b-dd4c-4166-834a-80b5ec62f764,"$192,81",NA,192.81,https://click1.mercadolibre.com.mx/mclics/clicks/external/MLM/count?a=SE1viZugwC%2BLarJX44RoG39yCLICAEnW999lST9ilQ%2BRIeCsyk82Ejw7ho8yS%2FSsCaxTjDNfta31wfFmSy%2FzPSH7xkmSzVlCe1bG4Ip%2Fu3TerzFElEgGmfClZvSd9seFmq8WyyyFLrooXZURMSM8gIekiz4QwUH0FImXyGkp%2BL72ZkQKrM%2BGFHzjQkKaRj1Y3sHh%2B5%2Fy44%2BoTGqmL4%2F2Ze2nottvjk8yzC%2F27cjTvxaD%2FEV6sgKlLF8%2Fy0tSoJeEb10jQ1ydEvTDivNxy4tZeldVl0gdsxPt8JRt4HEj64ws5Vu0qkqL0ruVDBXkuC5MtM8WrJmvul2wQmP9Jdk12wtUnbKT1ye0cDpyhBCviAV2RjYkBTKrH%2BLDXxsGWf161j9sQS2Q%2BmNq0d0ZGVOeQ4ABbrP56gFvvaNCuI1C20djZBYvoebYMijN3cqMwdPHlIxejBIXNa8%2FUvoj9m6tpNntwLTIKNAr3TQqtpvXcEhgqbgfw75Zj2%2Ff3oityYAmh8tlxljnPk7OCDcb01XJbll6T1Y3L9HPBRTohxxdLo%2B%2FZV11BGEvtxVtQdFksb3RikI6gK1ziDX5X4CZH%2FmTFCVVNLt3fzCunT%2Bp9L1%2BtFgKpQs0rVTuQkgyeN2%2Fly2w8qPVZlh4UneErcJOJ9ypM5ZnUAI15sttesuMVLn93pEjcB3VxpyIHPUM%2B6hAVI%2F2xegiKN78mzSK18dI7rONAFpTJqxmnnFWjvMLhAuVYww8XExiKRuKFbe9%2BYLjzqvi6OtAhQ3z4S3yB5hzMXRzXhWHEYeQ4kfmSICAPGnLhX7k2QYY1xT7M7IzwMtxNXMfhCX4cbFsB15HrTuyer7KwIHOxDqArRy9MsZ471cSY0M2YBL6CW8%3D&searchVariation=192893448160#polycard_client=search-desktop&is_advertising=true&searchVariation=192893448160&search_layout=grid&position=2&type=pad&tracking_id=2d1c391b-dd4c-4166-834a-80b5ec62f764
alambre recocido calibre 18,Kilo De Alambre Recocido Quemado Calibre 16 En Rollo De 18kg,https://www.mercadolibre.com.mx/kilo-de-alambre-recocido-quemado-calibre-16-en-rollo-de-18kg/up/MLMU3567156619#polycard_client=search-desktop&search_layout=grid&position=3&type=product&tracking_id=2d1c391b-dd4c-4166-834a-80b5ec62f764&wid=MLM2572252393&sid=search,"$869,50",NA,869.5,https://www.mercadolibre.com.mx/kilo-de-alambre-recocido-quemado-calibre-16-en-rollo-de-18kg/up/MLMU3567156619#polycard_client=search-desktop&search_layout=grid&position=3&type=product&tracking_id=2d1c391b-dd4c-4166-834a-80b5ec62f764&wid=MLM2572252393&sid=search
alambre recocido calibre 18,Alambre De Cobre Designs Wire Calidad Aaa Todos Los Calibres,https://www.mercadolibre.com.mx/alambre-de-cobre-designs-wire-calidad-aaa-todos-los-calibres/up/MLMU3355714673#polycard_client=search-desktop&search_layout=grid&position=4&type=product&tracking_id=2d1c391b-dd4c-4166-834a-80b5ec62f764&wid=MLM3930464770&sid=search,$157,DESIGNS WIRE,157,https://www.mercadolibre.com.mx/alambre-de-cobre-designs-wire-calidad-aaa-todos-los-calibres/up/MLMU3355714673#polycard_client=search-desktop&search_layout=grid&position=4&type=product&tracking_id=2d1c391b-dd4c-4166-834a-80b5ec62f764&wid=MLM3930464770&sid=search
alambre recocido calibre 18,Alambre Galvanizado Calibre 18 1 Kg Cadena | C8 Ala-galv18,https://www.mercadolibre.com.mx/alambre-galvanizado-calibre-18-1-kg-cadena--c8-alagalv18/up/MLMU480713946#polycard_client=search-desktop&search_layout=grid&position=5&type=product&tracking_id=2d1c391b-dd4c-4166-834a-80b5ec62f764&wid=MLM1700659165&sid=search,$187,CADENA,187,https://www.mercadolibre.com.mx/alambre-galvanizado-calibre-18-1-kg-cadena--c8-alagalv18/up/MLMU480713946#polycard_client=search-desktop&search_layout=grid&position=5&type=product&tracking_id=2d1c391b-dd4c-4166-834a-80b5ec62f764&wid=MLM1700659165&sid=search
alambre recocido calibre 18,Alambre Galvanizado Cal. 18 Rollo De 25kg,https://www.mercadolibre.com.mx/alambre-galvanizado-cal-18-rollo-de-25kg/up/MLMU716797591#polycard_client=search-desktop&search_layout=grid&position=6&type=product&tracking_id=2d1c391b-dd4c-4166-834a-80b5ec62f764&wid=MLM3052276946&sid=search,"$2,300",Simacero,2300,https://www.mercadolibre.com.mx/alambre-galvanizado-cal-18-rollo-de-25kg/up/MLMU716797591#polycard_client=search-desktop&search_layout=grid&position=6&type=product&tracking_id=2d1c391b-dd4c-4166-834a-80b5ec62f764&wid=MLM3052276946&sid=search
alambre recocido calibre 18,Fiero Alre-160 Alambre Recocido Calibre 15 20 Kg,https://www.mercadolibre.com.mx/fiero-alre-160-alambre-recocido-calibre-15-20-kg/p/MLM44819420#polycard_client=search-desktop&search_layout=grid&position=7&type=product&tracking_id=2d1c391b-dd4c-4166-834a-80b5ec62f764&wid=MLM3686627976&sid=search,$865,FIERO por Ferrecapital,865,https://www.mercadolibre.com.mx/fiero-alre-160-alambre-recocido-calibre-15-20-kg/p/MLM44819420#polycard_client=search-desktop&search_layout=grid&position=7&type=product&tracking_id=2d1c391b-dd4c-4166-834a-80b5ec62f764&wid=MLM3686627976&sid=search
alambre recocido calibre 18,Alambre Recocido Calibre 15,https://www.mercadolibre.com.mx/alambre-recocido-calibre-15/up/MLMU3180237471#polycard_client=search-desktop&search_layout=grid&position=8&type=product&tracking_id=2d1c391b-dd4c-4166-834a-80b5ec62f764&wid=MLM2314452717&sid=search,"$1,580",NA,1580,https://www.mercadolibre.com.mx/alambre-recocido-calibre-15/up/MLMU3180237471#polycard_client=search-desktop&search_layout=grid&position=8&type=product&tracking_id=2d1c391b-dd4c-4166-834a-80b5ec62f764&wid=MLM2314452717&sid=search
alambre recocido calibre 18,2.8kg. Alambre Acero Inoxidable 302 Suave Cal. 18 Acero,https://www.mercadolibre.com.mx/28kg-alambre-acero-inoxidable-302-suave-cal-18-acero/p/MLM64578174#polycard_client=search-desktop&search_layout=grid&position=9&type=product&tracking_id=2d1c391b-dd4c-4166-834a-80b5ec62f764&wid=MLM2700180853&sid=search,"$1,250",SOLFORD INTERNACIONAL,1250,https://www.mercadolibre.com.mx/28kg-alambre-acero-inoxidable-302-suave-cal-18-acero/p/MLM64578174#polycard_client=search-desktop&search_layout=grid&position=9&type=product&tracking_id=2d1c391b-dd4c-4166-834a-80b5ec62f764&wid=MLM2700180853&sid=search
alambre recocido calibre 18,"Alambre Liso Galvanizado Calibre 18 Rollo De 10,600 Cm",https://www.mercadolibre.com.mx/alambre-liso-galvanizado-calibre-18-rollo-de-10600-cm/up/MLMU896063568#polycard_client=search-desktop&search_layout=grid&position=10&type=product&tracking_id=2d1c391b-dd4c-4166-834a-80b5ec62f764&wid=MLM1481857199&sid=search,$343.96,TAURO por BULL MASTER,343.96,https://www.mercadolibre.com.mx/alambre-liso-galvanizado-calibre-18-rollo-de-10600-cm/up/MLMU896063568#polycard_client=search-desktop&search_layout=grid&position=10&type=product&tracking_id=2d1c391b-dd4c-4166-834a-80b5ec62f764&wid=MLM1481857199&sid=search
alambre recocido calibre 18,Alambre Recocido Calibre 16 50 Kg Rollo,https://www.mercadolibre.com.mx/alambre-recocido-calibre-16-50-kg-rollo/up/MLMU502894802#polycard_client=search-desktop&search_layout=grid&position=11&type=product&tracking_id=2d1c391b-dd4c-4166-834a-80b5ec62f764&wid=MLM3285829976&sid=search,"$1,949",NA,1949,https://www.mercadolibre.com.mx/alambre-recocido-calibre-16-50-kg-rollo/up/MLMU502894802#polycard_client=search-desktop&search_layout=grid&position=11&type=product&tracking_id=2d1c391b-dd4c-4166-834a-80b5ec62f764&wid=MLM3285829976&sid=search
alambre recocido calibre 18,"Alambre Para Manualidades Galvanizado Calibre 16, 18",https://www.mercadolibre.com.mx/alambre-para-manualidades-galvanizado-calibre-16-18/up/MLMU3539000660#polycard_client=search-desktop&search_layout=grid&position=12&type=product&tracking_id=2d1c391b-dd4c-4166-834a-80b5ec62f764&wid=MLM4317262898&sid=search,$130,NA,130,https://www.mercadolibre.com.mx/alambre-para-manualidades-galvanizado-calibre-16-18/up/MLMU3539000660#polycard_client=search-desktop&search_layout=grid&position=12&type=product&tracking_id=2d1c391b-dd4c-4166-834a-80b5ec62f764&wid=MLM4317262898&sid=search
alambre recocido calibre 18,Alambre Magneto Aluminio Calibre 18 Bobinas Motor 250 Gramos,https://www.mercadolibre.com.mx/alambre-magneto-aluminio-calibre-18-bobinas-motor-250-gramos/up/MLMU2881153205#polycard_client=search-desktop&search_layout=grid&position=13&type=product&tracking_id=2d1c391b-dd4c-4166-834a-80b5ec62f764&wid=MLM3490590056&sid=search,$599,IUSA,599,https://www.mercadolibre.com.mx/alambre-magneto-aluminio-calibre-18-bobinas-motor-250-gramos/up/MLMU2881153205#polycard_client=search-desktop&search_layout=grid&position=13&type=product&tracking_id=2d1c391b-dd4c-4166-834a-80b5ec62f764&wid=MLM3490590056&sid=search
alambre recocido calibre 18,Alambre Recocido Calibre 15 60kg Fiero 40051,https://www.mercadolibre.com.mx/alambre-recocido-calibre-15-60kg--fiero-40051/up/MLMU492271702#polycard_client=search-desktop&search_layout=grid&position=14&type=product&tracking_id=2d1c391b-dd4c-4166-834a-80b5ec62f764&wid=MLM2596996392&sid=search,"$1,985",FIERO por CADENA 24,1985,https://www.mercadolibre.com.mx/alambre-recocido-calibre-15-60kg--fiero-40051/up/MLMU492271702#polycard_client=search-desktop&search_layout=grid&position=14&type=product&tracking_id=2d1c391b-dd4c-4166-834a-80b5ec62f764&wid=MLM2596996392&sid=search
alambre recocido calibre 18,Alambre Magneto Cobre Calibre 18 Condumex 1 Kilo Gramo,https://www.mercadolibre.com.mx/alambre-magneto-cobre-calibre-18-condumex-1-kilo-gramo/up/MLMU3885280380#polycard_client=search-desktop&search_layout=grid&position=15&type=product&tracking_id=2d1c391b-dd4c-4166-834a-80b5ec62f764&wid=MLM2839445055&sid=search,$728,NA,728,https://www.mercadolibre.com.mx/alambre-magneto-cobre-calibre-18-condumex-1-kilo-gramo/up/MLMU3885280380#polycard_client=search-desktop&search_layout=grid&position=15&type=product&tracking_id=2d1c391b-dd4c-4166-834a-80b5ec62f764&wid=MLM2839445055&sid=search
alambre recocido calibre 18,"Alambre De Refuerzo Ccti, Calibre 16, Negro, Recocido Suave,",https://www.mercadolibre.com.mx/rebar-tie-wire-simba-steel-black-soft-annealed-16-gauge-16k/p/MLM2066077447#polycard_client=search-desktop&search_layout=grid&position=16&type=product&tracking_id=2d1c391b-dd4c-4166-834a-80b5ec62f764&wid=MLM2853574077&sid=search,"$833,24",CALIFORNIA CONCRETE TOOL,833.24,https://www.mercadolibre.com.mx/rebar-tie-wire-simba-steel-black-soft-annealed-16-gauge-16k/p/MLM2066077447#polycard_client=search-desktop&search_layout=grid&position=16&type=product&tracking_id=2d1c391b-dd4c-4166-834a-80b5ec62f764&wid=MLM2853574077&sid=search
alambre recocido calibre 18,Kilo De Alambre Recocido Quemado Calibre 15 En Rollo De 5kg,https://www.mercadolibre.com.mx/kilo-de-alambre-recocido-quemado-calibre-15-en-rollo-de-5kg/up/MLMU456232141#polycard_client=search-desktop&search_layout=grid&position=17&type=product&tracking_id=2d1c391b-dd4c-4166-834a-80b5ec62f764&wid=MLM1387895859&sid=search,$240,SALHER,240,https://www.mercadolibre.com.mx/kilo-de-alambre-recocido-quemado-calibre-15-en-rollo-de-5kg/up/MLMU456232141#polycard_client=search-desktop&search_layout=grid&position=17&type=product&tracking_id=2d1c391b-dd4c-4166-834a-80b5ec62f764&wid=MLM1387895859&sid=search
alambre recocido calibre 18,Kilo De Alambre Recocido Quemado Calibre 15 En Rollo De 50kg,https://www.mercadolibre.com.mx/kilo-de-alambre-recocido-quemado-calibre-15-en-rollo-de-50kg/up/MLMU3145508226#polycard_client=search-desktop&search_layout=grid&position=18&type=product&tracking_id=2d1c391b-dd4c-4166-834a-80b5ec62f764&wid=MLM2291455575&sid=search,"$1,800",NA,1800,https://www.mercadolibre.com.mx/kilo-de-alambre-recocido-quemado-calibre-15-en-rollo-de-50kg/up/MLMU3145508226#polycard_client=search-desktop&search_layout=grid&position=18&type=product&tracking_id=2d1c391b-dd4c-4166-834a-80b5ec62f764&wid=MLM2291455575&sid=search
alambre recocido calibre 18,"Alambre Recocido, Calibre 15, 1kg 44458",https://www.mercadolibre.com.mx/alambre-recocido-calibre-15-1kg-44458/p/MLM44861175#polycard_client=search-desktop&search_layout=grid&position=19&type=product&tracking_id=2d1c391b-dd4c-4166-834a-80b5ec62f764&wid=MLM2499147797&sid=search,$89,FIERO,89,https://www.mercadolibre.com.mx/alambre-recocido-calibre-15-1kg-44458/p/MLM44861175#polycard_client=search-desktop&search_layout=grid&position=19&type=product&tracking_id=2d1c391b-dd4c-4166-834a-80b5ec62f764&wid=MLM2499147797&sid=search
alambre recocido calibre 18,Alambre Recocido Calibre 15 En Rollo De 1kg Fiero,https://www.mercadolibre.com.mx/alambre-recocido-calibre-15-en-rollo-de-1kg-fiero/up/MLMU964198806#polycard_client=search-desktop&search_layout=grid&position=20&type=product&tracking_id=2d1c391b-dd4c-4166-834a-80b5ec62f764&wid=MLM2829618562&sid=search,"$148,99",FIERO,148.99,https://www.mercadolibre.com.mx/alambre-recocido-calibre-15-en-rollo-de-1kg-fiero/up/MLMU964198806#polycard_client=search-desktop&search_layout=grid&position=20&type=product&tracking_id=2d1c391b-dd4c-4166-834a-80b5ec62f764&wid=MLM2829618562&sid=search
alambre recocido calibre 18,Kilo De Alambre Recocido Quemado Calibre 15 En Rollo De 20kg,https://www.mercadolibre.com.mx/kilo-de-alambre-recocido-quemado-calibre-15-en-rollo-de-20kg/up/MLMU3140043653#polycard_client=search-desktop&search_layout=grid&position=21&type=product&tracking_id=2d1c391b-dd4c-4166-834a-80b5ec62f764&wid=MLM2291570915&sid=search,$850,NA,850,https://www.mercadolibre.com.mx/kilo-de-alambre-recocido-quemado-calibre-15-en-rollo-de-20kg/up/MLMU3140043653#polycard_client=search-desktop&search_layout=grid&position=21&type=product&tracking_id=2d1c391b-dd4c-4166-834a-80b5ec62f764&wid=MLM2291570915&sid=search
alambre recocido calibre 18,Alambre Recocido Calibre 15 En Rollo De 1kg Fiero 44458,https://www.mercadolibre.com.mx/alambre-recocido-calibre-15-en-rollo-de-1kg-fiero-44458/up/MLMU500560901#polycard_client=search-desktop&search_layout=grid&position=22&type=product&tracking_id=2d1c391b-dd4c-4166-834a-80b5ec62f764&wid=MLM2122017537&sid=search,$92,TRUPER,92,https://www.mercadolibre.com.mx/alambre-recocido-calibre-15-en-rollo-de-1kg-fiero-44458/up/MLMU500560901#polycard_client=search-desktop&search_layout=grid&position=22&type=product&tracking_id=2d1c391b-dd4c-4166-834a-80b5ec62f764&wid=MLM2122017537&sid=search
alambre recocido calibre 18,Alambre Galvanizado Cal. 18 Rollo De 20kg,https://www.mercadolibre.com.mx/alambre-galvanizado-cal-18-rollo-de-20kg/up/MLMU3775069317#polycard_client=search-desktop&search_layout=grid&position=23&type=product&tracking_id=2d1c391b-dd4c-4166-834a-80b5ec62f764&wid=MLM2734157437&sid=search,"$2,100",Simacero,2100,https://www.mercadolibre.com.mx/alambre-galvanizado-cal-18-rollo-de-20kg/up/MLMU3775069317#polycard_client=search-desktop&search_layout=grid&position=23&type=product&tracking_id=2d1c391b-dd4c-4166-834a-80b5ec62f764&wid=MLM2734157437&sid=search
alambre recocido calibre 18,Alambre Galvanizado Calibre 18 Acero Carbono Surtek,https://www.mercadolibre.com.mx/alambre-galvanizado-calibre-18-acero-carbono-surtek/p/MLM44866641#polycard_client=search-desktop&search_layout=grid&position=24&type=product&tracking_id=2d1c391b-dd4c-4166-834a-80b5ec62f764&wid=MLM3523569246&sid=search,"$1,565",SURTEK por HIMPARI TEK,1565,https://www.mercadolibre.com.mx/alambre-galvanizado-calibre-18-acero-carbono-surtek/p/MLM44866641#polycard_client=search-desktop&search_layout=grid&position=24&type=product&tracking_id=2d1c391b-dd4c-4166-834a-80b5ec62f764&wid=MLM3523569246&sid=search
alambre recocido calibre 18,Kilo De Alambre Recocido Quemado Calibre 15 En Rollo De 5kg,https://www.mercadolibre.com.mx/kilo-de-alambre-recocido-quemado-calibre-15-en-rollo-de-5kg/up/MLMU3145508202#polycard_client=search-desktop&search_layout=grid&position=25&type=product&tracking_id=2d1c391b-dd4c-4166-834a-80b5ec62f764&wid=MLM2291570917&sid=search,$285,NA,285,https://www.mercadolibre.com.mx/kilo-de-alambre-recocido-quemado-calibre-15-en-rollo-de-5kg/up/MLMU3145508202#polycard_client=search-desktop&search_layout=grid&position=25&type=product&tracking_id=2d1c391b-dd4c-4166-834a-80b5ec62f764&wid=MLM2291570917&sid=search
alambre recocido calibre 18,Kilo De Alambre Galvanizado Calibre 18 Fiero,https://www.mercadolibre.com.mx/kilo-de-alambre-galvanizado-calibre-18-fiero/up/MLMU960759821#polycard_client=search-desktop&search_layout=grid&position=26&type=product&tracking_id=2d1c391b-dd4c-4166-834a-80b5ec62f764&wid=MLM2829630874&sid=search,"$238,99",FIERO,238.99,https://www.mercadolibre.com.mx/kilo-de-alambre-galvanizado-calibre-18-fiero/up/MLMU960759821#polycard_client=search-desktop&search_layout=grid&position=26&type=product&tracking_id=2d1c391b-dd4c-4166-834a-80b5ec62f764&wid=MLM2829630874&sid=search
alambre recocido calibre 18,1kg Alambre Acero Inoxidable 304 Suave Cal.18 (1.2mm) Acero Acero,https://www.mercadolibre.com.mx/1kg-alambre-acero-inoxidable-304-suave-cal18-12mm-acero-acero/p/MLM64307862#polycard_client=search-desktop&search_layout=grid&position=27&type=product&tracking_id=2d1c391b-dd4c-4166-834a-80b5ec62f764&wid=MLM2689040989&sid=search,$615,SOLFORD INTERNACIONAL,615,https://www.mercadolibre.com.mx/1kg-alambre-acero-inoxidable-304-suave-cal18-12mm-acero-acero/p/MLM64307862#polycard_client=search-desktop&search_layout=grid&position=27&type=product&tracking_id=2d1c391b-dd4c-4166-834a-80b5ec62f764&wid=MLM2689040989&sid=search
alambre recocido calibre 18,"Alambre Recocido, Calibre 15, 20 Kg 44457",https://www.mercadolibre.com.mx/alambre-recocido-calibre-15-20-kg-44457/up/MLMU447652136#polycard_client=search-desktop&search_layout=grid&position=28&type=product&tracking_id=2d1c391b-dd4c-4166-834a-80b5ec62f764&wid=MLM1381098131&sid=search,"$1,161",FIERO,1161,https://www.mercadolibre.com.mx/alambre-recocido-calibre-15-20-kg-44457/up/MLMU447652136#polycard_client=search-desktop&search_layout=grid&position=28&type=product&tracking_id=2d1c391b-dd4c-4166-834a-80b5ec62f764&wid=MLM1381098131&sid=search
alambre recocido calibre 18,Kilo De Alambre Recocido Quemado Calibre 16 En Rollo De 20kg,https://www.mercadolibre.com.mx/kilo-de-alambre-recocido-quemado-calibre-16-en-rollo-de-20kg/up/MLMU3561920096#polycard_client=search-desktop&search_layout=grid&position=29&type=product&tracking_id=2d1c391b-dd4c-4166-834a-80b5ec62f764&wid=MLM4363009568&sid=search,"$847,50",NA,847.5,https://www.mercadolibre.com.mx/kilo-de-alambre-recocido-quemado-calibre-16-en-rollo-de-20kg/up/MLMU3561920096#polycard_client=search-desktop&search_layout=grid&position=29&type=product&tracking_id=2d1c391b-dd4c-4166-834a-80b5ec62f764&wid=MLM4363009568&sid=search
alambre recocido calibre 18,"Kilo De Alambre Recocido Calibre 15 En Rollo De 1 Kg, Fiero.",https://www.mercadolibre.com.mx/kilo-de-alambre-recocido-calibre-15-en-rollo-de-1-kg-fiero/up/MLMU2943736521#polycard_client=search-desktop&search_layout=grid&position=30&type=product&tracking_id=2d1c391b-dd4c-4166-834a-80b5ec62f764&wid=MLM3527540382&sid=search,$146,FIERO,146,https://www.mercadolibre.com.mx/kilo-de-alambre-recocido-calibre-15-en-rollo-de-1-kg-fiero/up/MLMU2943736521#polycard_client=search-desktop&search_layout=grid&position=30&type=product&tracking_id=2d1c391b-dd4c-4166-834a-80b5ec62f764&wid=MLM3527540382&sid=search
alambre recocido calibre 18,"Alambre Galvanizado La Rosita Calibre 18, 20g, 25 Piezas",https://www.mercadolibre.com.mx/alambre-galvanizado-la-rosita-calibre-18-20g-25-piezas/up/MLMU3793929075#polycard_client=search-desktop&search_layout=grid&position=31&type=product&tracking_id=2d1c391b-dd4c-4166-834a-80b5ec62f764&wid=MLM2745613379&sid=search,$214,NA,214,https://www.mercadolibre.com.mx/alambre-galvanizado-la-rosita-calibre-18-20g-25-piezas/up/MLMU3793929075#polycard_client=search-desktop&search_layout=grid&position=31&type=product&tracking_id=2d1c391b-dd4c-4166-834a-80b5ec62f764&wid=MLM2745613379&sid=search
alambre recocido calibre 18,Alambre Magneto Cobre Calibre 18 Bobinas Motores 750 Gramos,https://www.mercadolibre.com.mx/alambre-magneto-cobre-calibre-18-bobinas-motores-750-gramos/up/MLMU3110110463#polycard_client=search-desktop&search_layout=grid&position=32&type=product&tracking_id=2d1c391b-dd4c-4166-834a-80b5ec62f764&wid=MLM2277139909&sid=search,$899,NA,899,https://www.mercadolibre.com.mx/alambre-magneto-cobre-calibre-18-bobinas-motores-750-gramos/up/MLMU3110110463#polycard_client=search-desktop&search_layout=grid&position=32&type=product&tracking_id=2d1c391b-dd4c-4166-834a-80b5ec62f764&wid=MLM2277139909&sid=search
alambre recocido calibre 18,Kilo De Alambre Recocido Quemado Calibre 15 En Rollo De 1kg,https://www.mercadolibre.com.mx/kilo-de-alambre-recocido-quemado-calibre-15-en-rollo-de-1kg/up/MLMU3140043689#polycard_client=search-desktop&search_layout=grid&position=33&type=product&tracking_id=2d1c391b-dd4c-4166-834a-80b5ec62f764&wid=MLM2291545289&sid=search,$120,NA,120,https://www.mercadolibre.com.mx/kilo-de-alambre-recocido-quemado-calibre-15-en-rollo-de-1kg/up/MLMU3140043689#polycard_client=search-desktop&search_layout=grid&position=33&type=product&tracking_id=2d1c391b-dd4c-4166-834a-80b5ec62f764&wid=MLM2291545289&sid=search
alambre recocido calibre 18,Kilo De Alambre Recocido Quemado Calibre 15 En Rollo De 1kg,https://www.mercadolibre.com.mx/kilo-de-alambre-recocido-quemado-calibre-15-en-rollo-de-1kg/up/MLMU457194074#polycard_client=search-desktop&search_layout=grid&position=34&type=product&tracking_id=2d1c391b-dd4c-4166-834a-80b5ec62f764&wid=MLM1387895788&sid=search,$75,Salher,75,https://www.mercadolibre.com.mx/kilo-de-alambre-recocido-quemado-calibre-15-en-rollo-de-1kg/up/MLMU457194074#polycard_client=search-desktop&search_layout=grid&position=34&type=product&tracking_id=2d1c391b-dd4c-4166-834a-80b5ec62f764&wid=MLM1387895788&sid=search
alambre recocido calibre 18,"Rollo De 30 G De Alambre Galvanizado Calibre 18, En Bolsa Fo",https://www.mercadolibre.com.mx/rollo-de-30-g-de-alambre-galvanizado-calibre-18-en-bolsa-fo/up/MLMU3754688972#polycard_client=search-desktop&search_layout=grid&position=35&type=product&tracking_id=2d1c391b-dd4c-4166-834a-80b5ec62f764&wid=MLM4698840594&sid=search,"$38,74",NA,38.74,https://www.mercadolibre.com.mx/rollo-de-30-g-de-alambre-galvanizado-calibre-18-en-bolsa-fo/up/MLMU3754688972#polycard_client=search-desktop&search_layout=grid&position=35&type=product&tracking_id=2d1c391b-dd4c-4166-834a-80b5ec62f764&wid=MLM4698840594&sid=search
alambre recocido calibre 18,Alambre De Acero Recocido Cal 16 1.59mm Ó 0.062 Vta Por Kl,https://www.mercadolibre.com.mx/alambre-de-acero-recocido-cal-16-159mm-o-0062-vta-por-kl/up/MLMU1017699622#polycard_client=search-desktop&search_layout=grid&position=36&type=product&tracking_id=2d1c391b-dd4c-4166-834a-80b5ec62f764&wid=MLM916319495&sid=search,$151.92,NO POSEE MARCA por BULL MASTER,151.92,https://www.mercadolibre.com.mx/alambre-de-acero-recocido-cal-16-159mm-o-0062-vta-por-kl/up/MLMU1017699622#polycard_client=search-desktop&search_layout=grid&position=36&type=product&tracking_id=2d1c391b-dd4c-4166-834a-80b5ec62f764&wid=MLM916319495&sid=search
alambre recocido calibre 18,"Kilo De Alambre Recocido Calibre 15 En Rollo De 1 Kg, Fiero",https://www.mercadolibre.com.mx/kilo-de-alambre-recocido-calibre-15-en-rollo-de-1-kg-fiero/up/MLMU3696785323#polycard_client=search-desktop&search_layout=grid&position=37&type=product&tracking_id=2d1c391b-dd4c-4166-834a-80b5ec62f764&wid=MLM2654428365&sid=search,$182,NA,182,https://www.mercadolibre.com.mx/kilo-de-alambre-recocido-calibre-15-en-rollo-de-1-kg-fiero/up/MLMU3696785323#polycard_client=search-desktop&search_layout=grid&position=37&type=product&tracking_id=2d1c391b-dd4c-4166-834a-80b5ec62f764&wid=MLM2654428365&sid=search
alambre recocido calibre 18,5 Pzas Kilo De Alambre Recocido Calibre 15 Fiero,https://www.mercadolibre.com.mx/5-pzas-kilo-de-alambre-recocido-calibre-15--fiero/up/MLMU3811782149#polycard_client=search-desktop&search_layout=grid&position=38&type=product&tracking_id=2d1c391b-dd4c-4166-834a-80b5ec62f764&wid=MLM2755946921&sid=search,$349,FIERO,349,https://www.mercadolibre.com.mx/5-pzas-kilo-de-alambre-recocido-calibre-15--fiero/up/MLMU3811782149#polycard_client=search-desktop&search_layout=grid&position=38&type=product&tracking_id=2d1c391b-dd4c-4166-834a-80b5ec62f764&wid=MLM2755946921&sid=search
alambre recocido calibre 18,"Rollo De 30 G De Alambre Galvanizado Calibre 18, 45116",https://www.mercadolibre.com.mx/rollo-de-30-g-de-alambre-galvanizado-calibre-18-45116/up/MLMU3534494439#polycard_client=search-desktop&search_layout=grid&position=39&type=product&tracking_id=2d1c391b-dd4c-4166-834a-80b5ec62f764&wid=MLM4323990154&sid=search,$49,VOLTMEX,49,https://www.mercadolibre.com.mx/rollo-de-30-g-de-alambre-galvanizado-calibre-18-45116/up/MLMU3534494439#polycard_client=search-desktop&search_layout=grid&position=39&type=product&tracking_id=2d1c391b-dd4c-4166-834a-80b5ec62f764&wid=MLM4323990154&sid=search
alambre recocido calibre 18,Caja Con 20 Kilo De Alambre Recocido Calibre 15 Fiero,https://www.mercadolibre.com.mx/caja-con-20-kilo-de-alambre-recocido-calibre-15--fiero/up/MLMU3826070412#polycard_client=search-desktop&search_layout=grid&position=40&type=product&tracking_id=2d1c391b-dd4c-4166-834a-80b5ec62f764&wid=MLM2759868451&sid=search,"$1,510",FIERO,1510,https://www.mercadolibre.com.mx/caja-con-20-kilo-de-alambre-recocido-calibre-15--fiero/up/MLMU3826070412#polycard_client=search-desktop&search_layout=grid&position=40&type=product&tracking_id=2d1c391b-dd4c-4166-834a-80b5ec62f764&wid=MLM2759868451&sid=search
alambre recocido calibre 18,"4 Pzas Kilo De Alambre Recocido Calibre 15 En Rollo De 1 Kg,",https://www.mercadolibre.com.mx/4-pzas-kilo-de-alambre-recocido-calibre-15-en-rollo-de-1-kg/up/MLMU3811781191#polycard_client=search-desktop&search_layout=grid&position=41&type=product&tracking_id=2d1c391b-dd4c-4166-834a-80b5ec62f764&wid=MLM2755985749&sid=search,$349,NA,349,https://www.mercadolibre.com.mx/4-pzas-kilo-de-alambre-recocido-calibre-15-en-rollo-de-1-kg/up/MLMU3811781191#polycard_client=search-desktop&search_layout=grid&position=41&type=product&tracking_id=2d1c391b-dd4c-4166-834a-80b5ec62f764&wid=MLM2755985749&sid=search
alambre recocido calibre 18,4 Pzas Kilo De Alambre Recocido Calibre 15 Fiero,https://www.mercadolibre.com.mx/4-pzas-kilo-de-alambre-recocido-calibre-15--fiero/up/MLMU3866706994#polycard_client=search-desktop&search_layout=grid&position=42&type=product&tracking_id=2d1c391b-dd4c-4166-834a-80b5ec62f764&wid=MLM2814460395&sid=search,$349,FIERO,349,https://www.mercadolibre.com.mx/4-pzas-kilo-de-alambre-recocido-calibre-15--fiero/up/MLMU3866706994#polycard_client=search-desktop&search_layout=grid&position=42&type=product&tracking_id=2d1c391b-dd4c-4166-834a-80b5ec62f764&wid=MLM2814460395&sid=search
alambre recocido calibre 18,"Kilo De Alambre Recocido Calibre 15 En Rollo De 1 Kg, Fiero",https://www.mercadolibre.com.mx/kilo-de-alambre-recocido-calibre-15-en-rollo-de-1-kg-fiero/up/MLMU3706970834#polycard_client=search-desktop&search_layout=grid&position=43&type=product&tracking_id=2d1c391b-dd4c-4166-834a-80b5ec62f764&wid=MLM2657154505&sid=search,$182,NA,182,https://www.mercadolibre.com.mx/kilo-de-alambre-recocido-calibre-15-en-rollo-de-1-kg-fiero/up/MLMU3706970834#polycard_client=search-desktop&search_layout=grid&position=43&type=product&tracking_id=2d1c391b-dd4c-4166-834a-80b5ec62f764&wid=MLM2657154505&sid=search
alambre recocido calibre 18,Alambre Plano Cobreado De Costura Calibre 18,https://www.mercadolibre.com.mx/alambre-plano-cobreado-de-costura-calibre-18/up/MLMU3270288646#polycard_client=search-desktop&search_layout=grid&position=44&type=product&tracking_id=2d1c391b-dd4c-4166-834a-80b5ec62f764&wid=MLM2358208475&sid=search,$285,NA,285,https://www.mercadolibre.com.mx/alambre-plano-cobreado-de-costura-calibre-18/up/MLMU3270288646#polycard_client=search-desktop&search_layout=grid&position=44&type=product&tracking_id=2d1c391b-dd4c-4166-834a-80b5ec62f764&wid=MLM2358208475&sid=search
alambre recocido calibre 18,4 Pzas Kilo De Alambre Recocido Calibre 15 Fiero,https://www.mercadolibre.com.mx/4-pzas-kilo-de-alambre-recocido-calibre-15--fiero/up/MLMU3856669035#polycard_client=search-desktop&search_layout=grid&position=45&type=product&tracking_id=2d1c391b-dd4c-4166-834a-80b5ec62f764&wid=MLM2814720253&sid=search,$349,FIERO,349,https://www.mercadolibre.com.mx/4-pzas-kilo-de-alambre-recocido-calibre-15--fiero/up/MLMU3856669035#polycard_client=search-desktop&search_layout=grid&position=45&type=product&tracking_id=2d1c391b-dd4c-4166-834a-80b5ec62f764&wid=MLM2814720253&sid=search
alambre recocido calibre 18,"Kilo De Alambre Recocido Calibre 15 En Rollo De 1 Kg, Fiero",https://www.mercadolibre.com.mx/kilo-de-alambre-recocido-calibre-15-en-rollo-de-1-kg-fiero/up/MLMU3634673699#polycard_client=search-desktop&search_layout=grid&position=46&type=product&tracking_id=2d1c391b-dd4c-4166-834a-80b5ec62f764&wid=MLM2593156137&sid=search,$182,NA,182,https://www.mercadolibre.com.mx/kilo-de-alambre-recocido-calibre-15-en-rollo-de-1-kg-fiero/up/MLMU3634673699#polycard_client=search-desktop&search_layout=grid&position=46&type=product&tracking_id=2d1c391b-dd4c-4166-834a-80b5ec62f764&wid=MLM2593156137&sid=search
alambre recocido calibre 18,Caja Con 20 Kilo De Alambre Recocido Calibre 15 Fiero,https://www.mercadolibre.com.mx/caja-con-20-kilo-de-alambre-recocido-calibre-15--fiero/up/MLMU3816861427#polycard_client=search-desktop&search_layout=grid&position=47&type=product&tracking_id=2d1c391b-dd4c-4166-834a-80b5ec62f764&wid=MLM4928819014&sid=search,"$1,510",FIERO,1510,https://www.mercadolibre.com.mx/caja-con-20-kilo-de-alambre-recocido-calibre-15--fiero/up/MLMU3816861427#polycard_client=search-desktop&search_layout=grid&position=47&type=product&tracking_id=2d1c391b-dd4c-4166-834a-80b5ec62f764&wid=MLM4928819014&sid=search
alambre recocido calibre 18,5 Rollos Alambre Galvanizado Calibre 18 1kg C/u Maple Tools,https://www.mercadolibre.com.mx/5-rollos-alambre-galvanizado-calibre-18-1kg-cu-maple-tools/up/MLMU834501681#polycard_client=search-desktop&search_layout=grid&position=48&type=product&tracking_id=2d1c391b-dd4c-4166-834a-80b5ec62f764&wid=MLM2135018657&sid=search,$529,NA,529,https://www.mercadolibre.com.mx/5-rollos-alambre-galvanizado-calibre-18-1kg-cu-maple-tools/up/MLMU834501681#polycard_client=search-desktop&search_layout=grid&position=48&type=product&tracking_id=2d1c391b-dd4c-4166-834a-80b5ec62f764&wid=MLM2135018657&sid=search
alambre recocido calibre 18,Kilo De Alambre Recocido Calibre 15 Fiero,https://www.mercadolibre.com.mx/kilo-de-alambre-recocido-calibre-15--fiero/up/MLMU3705323238#polycard_client=search-desktop&search_layout=grid&position=49&type=product&tracking_id=2d1c391b-dd4c-4166-834a-80b5ec62f764&wid=MLM2654440927&sid=search,$176,FIERO,176,https://www.mercadolibre.com.mx/kilo-de-alambre-recocido-calibre-15--fiero/up/MLMU3705323238#polycard_client=search-desktop&search_layout=grid&position=49&type=product&tracking_id=2d1c391b-dd4c-4166-834a-80b5ec62f764&wid=MLM2654440927&sid=search
alambre recocido calibre 18,"Kilo De Alambre Recocido Calibre 15 En Rollo De 1 Kg, Fiero",https://www.mercadolibre.com.mx/kilo-de-alambre-recocido-calibre-15-en-rollo-de-1-kg-fiero/up/MLMU3716084924#polycard_client=search-desktop&search_layout=grid&position=50&type=product&tracking_id=2d1c391b-dd4c-4166-834a-80b5ec62f764&wid=MLM4627458400&sid=search,$182,NA,182,https://www.mercadolibre.com.mx/kilo-de-alambre-recocido-calibre-15-en-rollo-de-1-kg-fiero/up/MLMU3716084924#polycard_client=search-desktop&search_layout=grid&position=50&type=product&tracking_id=2d1c391b-dd4c-4166-834a-80b5ec62f764&wid=MLM4627458400&sid=search
lamina acero galvanizado,"Lamina Para Techo De Gallineros, Mxlgr-041, 0.72x3.05m, Cali Gris",https://www.mercadolibre.com.mx/lamina-para-techo-de-gallineros-mxlgr-041-072x305m-cali-gris/p/MLM66989844#polycard_client=search-desktop&search_layout=grid&position=1&type=product&tracking_id=a82beae4-4ab9-4c89-87d0-ee9bc5ea3dd8&wid=MLM2810075833&sid=search,"$1,636",VENTDEPOT,1636,https://www.mercadolibre.com.mx/lamina-para-techo-de-gallineros-mxlgr-041-072x305m-cali-gris/p/MLM66989844#polycard_client=search-desktop&search_layout=grid&position=1&type=product&tracking_id=a82beae4-4ab9-4c89-87d0-ee9bc5ea3dd8&wid=MLM2810075833&sid=search
lamina acero galvanizado,Lamina Losacero Deck 25 Calibre 22,https://www.mercadolibre.com.mx/lamina-losacero-deck-25-calibre-22/up/MLMU3912714170#polycard_client=search-desktop&search_layout=grid&position=2&type=product&tracking_id=a82beae4-4ab9-4c89-87d0-ee9bc5ea3dd8&wid=MLM5200815006&sid=search,"$6,250",NA,6250,https://www.mercadolibre.com.mx/lamina-losacero-deck-25-calibre-22/up/MLMU3912714170#polycard_client=search-desktop&search_layout=grid&position=2&type=product&tracking_id=a82beae4-4ab9-4c89-87d0-ee9bc5ea3dd8&wid=MLM5200815006&sid=search
lamina acero galvanizado,Lamina Rectangular Galv. R101 X 3.05 Mts. Cal.26 (10 Pz),https://www.mercadolibre.com.mx/lamina-rectangular-galv-r101-x-305-mts-cal26-10-pz/up/MLMU3553992126#polycard_client=search-desktop&search_layout=grid&position=3&type=product&tracking_id=a82beae4-4ab9-4c89-87d0-ee9bc5ea3dd8&wid=MLM2552306019&sid=search,"$15,860",TERNIUM,15860,https://www.mercadolibre.com.mx/lamina-rectangular-galv-r101-x-305-mts-cal26-10-pz/up/MLMU3553992126#polycard_client=search-desktop&search_layout=grid&position=3&type=product&tracking_id=a82beae4-4ab9-4c89-87d0-ee9bc5ea3dd8&wid=MLM2552306019&sid=search
lamina acero galvanizado,"Arandela De Acero Galvanizado De 1/4&#039;, Caja De 1 Kg",https://www.mercadolibre.com.mx/arandela-de-acero-galvanizado-de-14039-caja-de-1-kg/up/MLMU525861793#polycard_client=search-desktop&search_layout=grid&position=4&type=product&tracking_id=a82beae4-4ab9-4c89-87d0-ee9bc5ea3dd8&wid=MLM784817925&sid=search,$208,FIERO,208,https://www.mercadolibre.com.mx/arandela-de-acero-galvanizado-de-14039-caja-de-1-kg/up/MLMU525861793#polycard_client=search-desktop&search_layout=grid&position=4&type=product&tracking_id=a82beae4-4ab9-4c89-87d0-ee9bc5ea3dd8&wid=MLM784817925&sid=search
lamina acero galvanizado,"Bolsa Con 1 Kg De Arandelas Planas De 1/2 , Fiero 44547",https://www.mercadolibre.com.mx/bolsa-con-1-kg-de-arandelas-planas-de-12--fiero-44547/up/MLMU540881595#polycard_client=search-desktop&search_layout=grid&position=5&type=product&tracking_id=a82beae4-4ab9-4c89-87d0-ee9bc5ea3dd8&wid=MLM785220000&sid=search,$208,FIERO,208,https://www.mercadolibre.com.mx/bolsa-con-1-kg-de-arandelas-planas-de-12--fiero-44547/up/MLMU540881595#polycard_client=search-desktop&search_layout=grid&position=5&type=product&tracking_id=a82beae4-4ab9-4c89-87d0-ee9bc5ea3dd8&wid=MLM785220000&sid=search
lamina acero galvanizado,"Lamina Perforada Acero Galvanizada Cal.20, 5mmx8mm 1x2mt",https://www.mercadolibre.com.mx/lamina-perforada-acero-galvanizada-cal20-5mmx8mm-1x2mt/up/MLMU3513443164#polycard_client=search-desktop&search_layout=grid&position=6&type=product&tracking_id=a82beae4-4ab9-4c89-87d0-ee9bc5ea3dd8&wid=MLM4250485320&sid=search,"$2,766",NA,2766,https://www.mercadolibre.com.mx/lamina-perforada-acero-galvanizada-cal20-5mmx8mm-1x2mt/up/MLMU3513443164#polycard_client=search-desktop&search_layout=grid&position=6&type=product&tracking_id=a82beae4-4ab9-4c89-87d0-ee9bc5ea3dd8&wid=MLM4250485320&sid=search
lamina acero galvanizado,"Lamina Perforada Acero Galvanizada Cal.18, 5mmx8mm 4x10pies",https://www.mercadolibre.com.mx/lamina-perforada-acero-galvanizada-cal18-5mmx8mm-4x10pies/up/MLMU3513443158#polycard_client=search-desktop&search_layout=grid&position=7&type=product&tracking_id=a82beae4-4ab9-4c89-87d0-ee9bc5ea3dd8&wid=MLM4250192098&sid=search,"$5,290",NA,5290,https://www.mercadolibre.com.mx/lamina-perforada-acero-galvanizada-cal18-5mmx8mm-4x10pies/up/MLMU3513443158#polycard_client=search-desktop&search_layout=grid&position=7&type=product&tracking_id=a82beae4-4ab9-4c89-87d0-ee9bc5ea3dd8&wid=MLM4250192098&sid=search
lamina acero galvanizado,"Lamina Perforada Acero Galvanizada Cal.24, 5mmx8mm 3x8pies",https://www.mercadolibre.com.mx/lamina-perforada-acero-galvanizada-cal24-5mmx8mm-3x8pies/up/MLMU3506372081#polycard_client=search-desktop&search_layout=grid&position=8&type=product&tracking_id=a82beae4-4ab9-4c89-87d0-ee9bc5ea3dd8&wid=MLM4250472584&sid=search,"$2,148",NA,2148,https://www.mercadolibre.com.mx/lamina-perforada-acero-galvanizada-cal24-5mmx8mm-3x8pies/up/MLMU3506372081#polycard_client=search-desktop&search_layout=grid&position=8&type=product&tracking_id=a82beae4-4ab9-4c89-87d0-ee9bc5ea3dd8&wid=MLM4250472584&sid=search
lamina acero galvanizado,"Lamina Perforada Acero Galvanizada Cal.14, 5mmx8mm 4x10pies",https://www.mercadolibre.com.mx/lamina-perforada-acero-galvanizada-cal14-5mmx8mm-4x10pies/up/MLMU3506370563#polycard_client=search-desktop&search_layout=grid&position=9&type=product&tracking_id=a82beae4-4ab9-4c89-87d0-ee9bc5ea3dd8&wid=MLM4250472578&sid=search,"$7,110",NA,7110,https://www.mercadolibre.com.mx/lamina-perforada-acero-galvanizada-cal14-5mmx8mm-4x10pies/up/MLMU3506370563#polycard_client=search-desktop&search_layout=grid&position=9&type=product&tracking_id=a82beae4-4ab9-4c89-87d0-ee9bc5ea3dd8&wid=MLM4250472578&sid=search
lamina acero galvanizado,"Lamina Perforada Acero Galvanizada Cal.24, 5mmx8mm 3x10pies",https://www.mercadolibre.com.mx/lamina-perforada-acero-galvanizada-cal24-5mmx8mm-3x10pies/up/MLMU3513443166#polycard_client=search-desktop&search_layout=grid&position=10&type=product&tracking_id=a82beae4-4ab9-4c89-87d0-ee9bc5ea3dd8&wid=MLM4250485318&sid=search,"$2,689",NA,2689,https://www.mercadolibre.com.mx/lamina-perforada-acero-galvanizada-cal24-5mmx8mm-3x10pies/up/MLMU3513443166#polycard_client=search-desktop&search_layout=grid&position=10&type=product&tracking_id=a82beae4-4ab9-4c89-87d0-ee9bc5ea3dd8&wid=MLM4250485318&sid=search
lamina acero galvanizado,"Lamina Perforada Acero Galvanizada Cal.16, 5mmx8mm 3x10pies",https://www.mercadolibre.com.mx/lamina-perforada-acero-galvanizada-cal16-5mmx8mm-3x10pies/up/MLMU3506372077#polycard_client=search-desktop&search_layout=grid&position=11&type=product&tracking_id=a82beae4-4ab9-4c89-87d0-ee9bc5ea3dd8&wid=MLM4250434324&sid=search,"$4,585",NA,4585,https://www.mercadolibre.com.mx/lamina-perforada-acero-galvanizada-cal16-5mmx8mm-3x10pies/up/MLMU3506372077#polycard_client=search-desktop&search_layout=grid&position=11&type=product&tracking_id=a82beae4-4ab9-4c89-87d0-ee9bc5ea3dd8&wid=MLM4250434324&sid=search
lamina acero galvanizado,"Lamina Perforada Acero Galvanizada Cal.22, 5mmx8mm 1x2mt",https://www.mercadolibre.com.mx/lamina-perforada-acero-galvanizada-cal22-5mmx8mm-1x2mt/up/MLMU3506370581#polycard_client=search-desktop&search_layout=grid&position=12&type=product&tracking_id=a82beae4-4ab9-4c89-87d0-ee9bc5ea3dd8&wid=MLM2520535931&sid=search,"$2,380",NA,2380,https://www.mercadolibre.com.mx/lamina-perforada-acero-galvanizada-cal22-5mmx8mm-1x2mt/up/MLMU3506370581#polycard_client=search-desktop&search_layout=grid&position=12&type=product&tracking_id=a82beae4-4ab9-4c89-87d0-ee9bc5ea3dd8&wid=MLM2520535931&sid=search
lamina acero galvanizado,"Lamina Perforada Acero Galvanizada Cal.16, 5mmx8mm 4x10pies",https://www.mercadolibre.com.mx/lamina-perforada-acero-galvanizada-cal16-5mmx8mm-4x10pies/up/MLMU3506370573#polycard_client=search-desktop&search_layout=grid&position=13&type=product&tracking_id=a82beae4-4ab9-4c89-87d0-ee9bc5ea3dd8&wid=MLM2520587677&sid=search,"$6,150",NA,6150,https://www.mercadolibre.com.mx/lamina-perforada-acero-galvanizada-cal16-5mmx8mm-4x10pies/up/MLMU3506370573#polycard_client=search-desktop&search_layout=grid&position=13&type=product&tracking_id=a82beae4-4ab9-4c89-87d0-ee9bc5ea3dd8&wid=MLM2520587677&sid=search
lamina acero galvanizado,"Lamina Perforada Acero Galvanizada Cal.24, 5mmx8mm 1x2mt",https://www.mercadolibre.com.mx/lamina-perforada-acero-galvanizada-cal24-5mmx8mm-1x2mt/up/MLMU3506372085#polycard_client=search-desktop&search_layout=grid&position=14&type=product&tracking_id=a82beae4-4ab9-4c89-87d0-ee9bc5ea3dd8&wid=MLM4250142612&sid=search,"$2,192",NA,2192,https://www.mercadolibre.com.mx/lamina-perforada-acero-galvanizada-cal24-5mmx8mm-1x2mt/up/MLMU3506372085#polycard_client=search-desktop&search_layout=grid&position=14&type=product&tracking_id=a82beae4-4ab9-4c89-87d0-ee9bc5ea3dd8&wid=MLM4250142612&sid=search
lamina acero galvanizado,"Lamina Perforada Acero Galvanizada Cal.20, 5mmx8mm 4x10pies",https://www.mercadolibre.com.mx/lamina-perforada-acero-galvanizada-cal20-5mmx8mm-4x10pies/up/MLMU3506372093#polycard_client=search-desktop&search_layout=grid&position=15&type=product&tracking_id=a82beae4-4ab9-4c89-87d0-ee9bc5ea3dd8&wid=MLM4250498268&sid=search,"$4,441",NA,4441,https://www.mercadolibre.com.mx/lamina-perforada-acero-galvanizada-cal20-5mmx8mm-4x10pies/up/MLMU3506372093#polycard_client=search-desktop&search_layout=grid&position=15&type=product&tracking_id=a82beae4-4ab9-4c89-87d0-ee9bc5ea3dd8&wid=MLM4250498268&sid=search
lamina acero galvanizado,Lamina Perforada Acero Galvanizada Cal.20 5mmx8mm 4x8pies,https://www.mercadolibre.com.mx/lamina-perforada-acero-galvanizada-cal20-5mmx8mm-4x8pies/up/MLMU3506370561#polycard_client=search-desktop&search_layout=grid&position=16&type=product&tracking_id=a82beae4-4ab9-4c89-87d0-ee9bc5ea3dd8&wid=MLM4250446680&sid=search,"$3,559",NA,3559,https://www.mercadolibre.com.mx/lamina-perforada-acero-galvanizada-cal20-5mmx8mm-4x8pies/up/MLMU3506370561#polycard_client=search-desktop&search_layout=grid&position=16&type=product&tracking_id=a82beae4-4ab9-4c89-87d0-ee9bc5ea3dd8&wid=MLM4250446680&sid=search
lamina acero galvanizado,"Lamina Perforada Acero Galvanizada Cal.22, 5mmx8mm 3x8pies",https://www.mercadolibre.com.mx/lamina-perforada-acero-galvanizada-cal22-5mmx8mm-3x8pies/up/MLMU3506372095#polycard_client=search-desktop&search_layout=grid&position=17&type=product&tracking_id=a82beae4-4ab9-4c89-87d0-ee9bc5ea3dd8&wid=MLM4250615062&sid=search,"$2,292",NA,2292,https://www.mercadolibre.com.mx/lamina-perforada-acero-galvanizada-cal22-5mmx8mm-3x8pies/up/MLMU3506372095#polycard_client=search-desktop&search_layout=grid&position=17&type=product&tracking_id=a82beae4-4ab9-4c89-87d0-ee9bc5ea3dd8&wid=MLM4250615062&sid=search
lamina acero galvanizado,"Lamina Perforada Acero Galvanizada Cal.22, 5mmx8mm 4x10pies",https://www.mercadolibre.com.mx/lamina-perforada-acero-galvanizada-cal22-5mmx8mm-4x10pies/up/MLMU3513443162#polycard_client=search-desktop&search_layout=grid&position=18&type=product&tracking_id=a82beae4-4ab9-4c89-87d0-ee9bc5ea3dd8&wid=MLM2520574655&sid=search,"$3,835",NA,3835,https://www.mercadolibre.com.mx/lamina-perforada-acero-galvanizada-cal22-5mmx8mm-4x10pies/up/MLMU3513443162#polycard_client=search-desktop&search_layout=grid&position=18&type=product&tracking_id=a82beae4-4ab9-4c89-87d0-ee9bc5ea3dd8&wid=MLM2520574655&sid=search
lamina acero galvanizado,"Lamina Perforada Acero Galvanizada Cal.14, 5mmx8mm 1x2mt",https://www.mercadolibre.com.mx/lamina-perforada-acero-galvanizada-cal14-5mmx8mm-1x2mt/up/MLMU3506372075#polycard_client=search-desktop&search_layout=grid&position=19&type=product&tracking_id=a82beae4-4ab9-4c89-87d0-ee9bc5ea3dd8&wid=MLM2520574653&sid=search,"$4,607",NA,4607,https://www.mercadolibre.com.mx/lamina-perforada-acero-galvanizada-cal14-5mmx8mm-1x2mt/up/MLMU3506372075#polycard_client=search-desktop&search_layout=grid&position=19&type=product&tracking_id=a82beae4-4ab9-4c89-87d0-ee9bc5ea3dd8&wid=MLM2520574653&sid=search
lamina acero galvanizado,"Lamina Perforada Acero Galvanizada Cal.14, 5mmx8mm 3x10pies",https://www.mercadolibre.com.mx/lamina-perforada-acero-galvanizada-cal14-5mmx8mm-3x10pies/up/MLMU3506372079#polycard_client=search-desktop&search_layout=grid&position=20&type=product&tracking_id=a82beae4-4ab9-4c89-87d0-ee9bc5ea3dd8&wid=MLM4250472580&sid=search,"$5,301",NA,5301,https://www.mercadolibre.com.mx/lamina-perforada-acero-galvanizada-cal14-5mmx8mm-3x10pies/up/MLMU3506372079#polycard_client=search-desktop&search_layout=grid&position=20&type=product&tracking_id=a82beae4-4ab9-4c89-87d0-ee9bc5ea3dd8&wid=MLM4250472580&sid=search
lamina acero galvanizado,"Lamina Perforada Acero Galvanizada Cal.14, 5mmx8mm 3x8pies",https://www.mercadolibre.com.mx/lamina-perforada-acero-galvanizada-cal14-5mmx8mm-3x8pies/up/MLMU3506369157#polycard_client=search-desktop&search_layout=grid&position=21&type=product&tracking_id=a82beae4-4ab9-4c89-87d0-ee9bc5ea3dd8&wid=MLM2520600657&sid=search,"$4,243",NA,4243,https://www.mercadolibre.com.mx/lamina-perforada-acero-galvanizada-cal14-5mmx8mm-3x8pies/up/MLMU3506369157#polycard_client=search-desktop&search_layout=grid&position=21&type=product&tracking_id=a82beae4-4ab9-4c89-87d0-ee9bc5ea3dd8&wid=MLM2520600657&sid=search
lamina acero galvanizado,Galvateja Rojo/rojo Cal.26 X 6.10 Metros,https://www.mercadolibre.com.mx/galvateja-rojorojo-cal26-x-610-metros/up/MLMU3814632596#polycard_client=search-desktop&search_layout=grid&position=22&type=product&tracking_id=a82beae4-4ab9-4c89-87d0-ee9bc5ea3dd8&wid=MLM4833783146&sid=search,"$1,405",NA,1405,https://www.mercadolibre.com.mx/galvateja-rojorojo-cal26-x-610-metros/up/MLMU3814632596#polycard_client=search-desktop&search_layout=grid&position=22&type=product&tracking_id=a82beae4-4ab9-4c89-87d0-ee9bc5ea3dd8&wid=MLM4833783146&sid=search
lamina acero galvanizado,"Lamina Perforada Acero Galvanizada Cal.14, 5mmx8mm 4x8pies",https://www.mercadolibre.com.mx/lamina-perforada-acero-galvanizada-cal14-5mmx8mm-4x8pies/up/MLMU3506370575#polycard_client=search-desktop&search_layout=grid&position=23&type=product&tracking_id=a82beae4-4ab9-4c89-87d0-ee9bc5ea3dd8&wid=MLM4250118588&sid=search,"$5,687",NA,5687,https://www.mercadolibre.com.mx/lamina-perforada-acero-galvanizada-cal14-5mmx8mm-4x8pies/up/MLMU3506370575#polycard_client=search-desktop&search_layout=grid&position=23&type=product&tracking_id=a82beae4-4ab9-4c89-87d0-ee9bc5ea3dd8&wid=MLM4250118588&sid=search
lamina acero galvanizado,"Lamina Perforada Acero Galvanizada Cal.22, 5mmx8mm 3x10pies",https://www.mercadolibre.com.mx/lamina-perforada-acero-galvanizada-cal22-5mmx8mm-3x10pies/up/MLMU3506370601#polycard_client=search-desktop&search_layout=grid&position=24&type=product&tracking_id=a82beae4-4ab9-4c89-87d0-ee9bc5ea3dd8&wid=MLM2520574657&sid=search,"$2,865",NA,2865,https://www.mercadolibre.com.mx/lamina-perforada-acero-galvanizada-cal22-5mmx8mm-3x10pies/up/MLMU3506370601#polycard_client=search-desktop&search_layout=grid&position=24&type=product&tracking_id=a82beae4-4ab9-4c89-87d0-ee9bc5ea3dd8&wid=MLM2520574657&sid=search
lamina acero galvanizado,"Lamina Perforada Acero Galvanizada Cal.24, 5mmx8mm 4x10pies",https://www.mercadolibre.com.mx/lamina-perforada-acero-galvanizada-cal24-5mmx8mm-4x10pies/up/MLMU3506369155#polycard_client=search-desktop&search_layout=grid&position=25&type=product&tracking_id=a82beae4-4ab9-4c89-87d0-ee9bc5ea3dd8&wid=MLM2520600659&sid=search,"$3,604",NA,3604,https://www.mercadolibre.com.mx/lamina-perforada-acero-galvanizada-cal24-5mmx8mm-4x10pies/up/MLMU3506369155#polycard_client=search-desktop&search_layout=grid&position=25&type=product&tracking_id=a82beae4-4ab9-4c89-87d0-ee9bc5ea3dd8&wid=MLM2520600659&sid=search
lamina acero galvanizado,"Lamina Perforada Acero Galvanizada Cal.16, 5mmx8mm 4x8pies",https://www.mercadolibre.com.mx/lamina-perforada-acero-galvanizada-cal16-5mmx8mm-4x8pies/up/MLMU3506369153#polycard_client=search-desktop&search_layout=grid&position=26&type=product&tracking_id=a82beae4-4ab9-4c89-87d0-ee9bc5ea3dd8&wid=MLM4250615058&sid=search,"$4,916",NA,4916,https://www.mercadolibre.com.mx/lamina-perforada-acero-galvanizada-cal16-5mmx8mm-4x8pies/up/MLMU3506369153#polycard_client=search-desktop&search_layout=grid&position=26&type=product&tracking_id=a82beae4-4ab9-4c89-87d0-ee9bc5ea3dd8&wid=MLM4250615058&sid=search
lamina acero galvanizado,"Lamina Perforada Acero Galvanizada Cal.18, 5mmx8mm 3x10pies",https://www.mercadolibre.com.mx/lamina-perforada-acero-galvanizada-cal18-5mmx8mm-3x10pies/up/MLMU3513443174#polycard_client=search-desktop&search_layout=grid&position=27&type=product&tracking_id=a82beae4-4ab9-4c89-87d0-ee9bc5ea3dd8&wid=MLM2520548945&sid=search,"$3,945",NA,3945,https://www.mercadolibre.com.mx/lamina-perforada-acero-galvanizada-cal18-5mmx8mm-3x10pies/up/MLMU3513443174#polycard_client=search-desktop&search_layout=grid&position=27&type=product&tracking_id=a82beae4-4ab9-4c89-87d0-ee9bc5ea3dd8&wid=MLM2520548945&sid=search
lamina acero galvanizado,"Lamina Perforada Acero Galvanizada Cal.20, 5mmx8mm 3x10pies",https://www.mercadolibre.com.mx/lamina-perforada-acero-galvanizada-cal20-5mmx8mm-3x10pies/up/MLMU3513443172#polycard_client=search-desktop&search_layout=grid&position=28&type=product&tracking_id=a82beae4-4ab9-4c89-87d0-ee9bc5ea3dd8&wid=MLM4250434328&sid=search,"$3,317",NA,3317,https://www.mercadolibre.com.mx/lamina-perforada-acero-galvanizada-cal20-5mmx8mm-3x10pies/up/MLMU3513443172#polycard_client=search-desktop&search_layout=grid&position=28&type=product&tracking_id=a82beae4-4ab9-4c89-87d0-ee9bc5ea3dd8&wid=MLM4250434328&sid=search
lamina acero galvanizado,Lamina Perforada Acero Galvanizada Cal.22 5mmx8mm 4x8pies,https://www.mercadolibre.com.mx/lamina-perforada-acero-galvanizada-cal22-5mmx8mm-4x8pies/up/MLMU3506370589#polycard_client=search-desktop&search_layout=grid&position=29&type=product&tracking_id=a82beae4-4ab9-4c89-87d0-ee9bc5ea3dd8&wid=MLM4250446684&sid=search,"$3,074",NA,3074,https://www.mercadolibre.com.mx/lamina-perforada-acero-galvanizada-cal22-5mmx8mm-4x8pies/up/MLMU3506370589#polycard_client=search-desktop&search_layout=grid&position=29&type=product&tracking_id=a82beae4-4ab9-4c89-87d0-ee9bc5ea3dd8&wid=MLM4250446684&sid=search
lamina acero galvanizado,"Lamina Perforada Acero Galvanizada Cal.20, 5mmx8mm 3x8pies",https://www.mercadolibre.com.mx/lamina-perforada-acero-galvanizada-cal20-5mmx8mm-3x8pies/up/MLMU3506370565#polycard_client=search-desktop&search_layout=grid&position=30&type=product&tracking_id=a82beae4-4ab9-4c89-87d0-ee9bc5ea3dd8&wid=MLM2520587675&sid=search,"$2,655",NA,2655,https://www.mercadolibre.com.mx/lamina-perforada-acero-galvanizada-cal20-5mmx8mm-3x8pies/up/MLMU3506370565#polycard_client=search-desktop&search_layout=grid&position=30&type=product&tracking_id=a82beae4-4ab9-4c89-87d0-ee9bc5ea3dd8&wid=MLM2520587675&sid=search
lamina acero galvanizado,"Lamina Perforada Acero Galvanizada Cal.18, 5mmx8mm 4x8pies",https://www.mercadolibre.com.mx/lamina-perforada-acero-galvanizada-cal18-5mmx8mm-4x8pies/up/MLMU3513443160#polycard_client=search-desktop&search_layout=grid&position=31&type=product&tracking_id=a82beae4-4ab9-4c89-87d0-ee9bc5ea3dd8&wid=MLM4250434326&sid=search,"$4,232",NA,4232,https://www.mercadolibre.com.mx/lamina-perforada-acero-galvanizada-cal18-5mmx8mm-4x8pies/up/MLMU3513443160#polycard_client=search-desktop&search_layout=grid&position=31&type=product&tracking_id=a82beae4-4ab9-4c89-87d0-ee9bc5ea3dd8&wid=MLM4250434326&sid=search
lamina acero galvanizado,"Lamina Perforada Acero Galvanizada Cal.18, 5mmx8mm 1x2mt",https://www.mercadolibre.com.mx/lamina-perforada-acero-galvanizada-cal18-5mmx8mm-1x2mt/up/MLMU3506369165#polycard_client=search-desktop&search_layout=grid&position=32&type=product&tracking_id=a82beae4-4ab9-4c89-87d0-ee9bc5ea3dd8&wid=MLM4250615060&sid=search,"$3,339",NA,3339,https://www.mercadolibre.com.mx/lamina-perforada-acero-galvanizada-cal18-5mmx8mm-1x2mt/up/MLMU3506369165#polycard_client=search-desktop&search_layout=grid&position=32&type=product&tracking_id=a82beae4-4ab9-4c89-87d0-ee9bc5ea3dd8&wid=MLM4250615060&sid=search
lamina acero galvanizado,"Venta De Laminas Surcadas, Mxlrn-023, 1.22x3.05m, Calibre 24 Gris",https://www.mercadolibre.com.mx/venta-de-laminas-surcadas-mxlrn-023-122x305m-calibre-24-gris/p/MLM67404549#polycard_client=search-desktop&search_layout=grid&position=33&type=product&tracking_id=a82beae4-4ab9-4c89-87d0-ee9bc5ea3dd8&wid=MLM5112025596&sid=search,"$2,550",VENTDEPOT,2550,https://www.mercadolibre.com.mx/venta-de-laminas-surcadas-mxlrn-023-122x305m-calibre-24-gris/p/MLM67404549#polycard_client=search-desktop&search_layout=grid&position=33&type=product&tracking_id=a82beae4-4ab9-4c89-87d0-ee9bc5ea3dd8&wid=MLM5112025596&sid=search
lamina acero galvanizado,"Lamina Perforada Acero Galvanizada Cal.16, 5mmx8mm 3x8pies",https://www.mercadolibre.com.mx/lamina-perforada-acero-galvanizada-cal16-5mmx8mm-3x8pies/up/MLMU3506370569#polycard_client=search-desktop&search_layout=grid&position=34&type=product&tracking_id=a82beae4-4ab9-4c89-87d0-ee9bc5ea3dd8&wid=MLM4250498266&sid=search,"$3,670",NA,3670,https://www.mercadolibre.com.mx/lamina-perforada-acero-galvanizada-cal16-5mmx8mm-3x8pies/up/MLMU3506370569#polycard_client=search-desktop&search_layout=grid&position=34&type=product&tracking_id=a82beae4-4ab9-4c89-87d0-ee9bc5ea3dd8&wid=MLM4250498266&sid=search
lamina acero galvanizado,"Lamina Perforada Acero Galvanizada Cal.16, 5mmx8mm 1x2mt",https://www.mercadolibre.com.mx/lamina-perforada-acero-galvanizada-cal16-5mmx8mm-1x2mt/up/MLMU3506370567#polycard_client=search-desktop&search_layout=grid&position=35&type=product&tracking_id=a82beae4-4ab9-4c89-87d0-ee9bc5ea3dd8&wid=MLM2520548941&sid=search,"$3,934",NA,3934,https://www.mercadolibre.com.mx/lamina-perforada-acero-galvanizada-cal16-5mmx8mm-1x2mt/up/MLMU3506370567#polycard_client=search-desktop&search_layout=grid&position=35&type=product&tracking_id=a82beae4-4ab9-4c89-87d0-ee9bc5ea3dd8&wid=MLM2520548941&sid=search
lamina acero galvanizado,Lamina Perforada Acero Galvanizada Cal.24 5mmx8mm 4x8pies,https://www.mercadolibre.com.mx/lamina-perforada-acero-galvanizada-cal24-5mmx8mm-4x8pies/up/MLMU3506370571#polycard_client=search-desktop&search_layout=grid&position=36&type=product&tracking_id=a82beae4-4ab9-4c89-87d0-ee9bc5ea3dd8&wid=MLM4250472582&sid=search,"$2,887",NA,2887,https://www.mercadolibre.com.mx/lamina-perforada-acero-galvanizada-cal24-5mmx8mm-4x8pies/up/MLMU3506370571#polycard_client=search-desktop&search_layout=grid&position=36&type=product&tracking_id=a82beae4-4ab9-4c89-87d0-ee9bc5ea3dd8&wid=MLM4250472582&sid=search
lamina acero galvanizado,"Lamina Perforada Acero Galvanizada Cal.18, 5mmx8mm 3x8pies",https://www.mercadolibre.com.mx/lamina-perforada-acero-galvanizada-cal18-5mmx8mm-3x8pies/up/MLMU3506372083#polycard_client=search-desktop&search_layout=grid&position=37&type=product&tracking_id=a82beae4-4ab9-4c89-87d0-ee9bc5ea3dd8&wid=MLM2520600655&sid=search,"$3,163",NA,3163,https://www.mercadolibre.com.mx/lamina-perforada-acero-galvanizada-cal18-5mmx8mm-3x8pies/up/MLMU3506372083#polycard_client=search-desktop&search_layout=grid&position=37&type=product&tracking_id=a82beae4-4ab9-4c89-87d0-ee9bc5ea3dd8&wid=MLM2520600655&sid=search
lamina acero galvanizado,"Laminilla Techado Acanalado, Mxlrn-043, 1.22x3.66m, Calibre Gris",https://www.mercadolibre.com.mx/laminilla-techado-acanalado-mxlrn-043-122x366m-calibre-gris/p/MLM67197706#polycard_client=search-desktop&search_layout=grid&position=38&type=product&tracking_id=a82beae4-4ab9-4c89-87d0-ee9bc5ea3dd8&wid=MLM5089694530&sid=search,"$2,532",VENTDEPOT,2532,https://www.mercadolibre.com.mx/laminilla-techado-acanalado-mxlrn-043-122x366m-calibre-gris/p/MLM67197706#polycard_client=search-desktop&search_layout=grid&position=38&type=product&tracking_id=a82beae4-4ab9-4c89-87d0-ee9bc5ea3dd8&wid=MLM5089694530&sid=search
lamina acero galvanizado,Láminas Galvanizadas R101 X 3.05 Mts. Cal.26 (10 Pz),https://www.mercadolibre.com.mx/laminas-galvanizadas-r101-x-305-mts-cal26-10-pz/up/MLMU3369543878#polycard_client=search-desktop&search_layout=grid&position=39&type=product&tracking_id=a82beae4-4ab9-4c89-87d0-ee9bc5ea3dd8&wid=MLM2411458539&sid=search,"$13,999",OPEN,13999,https://www.mercadolibre.com.mx/laminas-galvanizadas-r101-x-305-mts-cal26-10-pz/up/MLMU3369543878#polycard_client=search-desktop&search_layout=grid&position=39&type=product&tracking_id=a82beae4-4ab9-4c89-87d0-ee9bc5ea3dd8&wid=MLM2411458539&sid=search
lamina acero galvanizado,"Lamina Acabado Galvanizado Acero, Mxlgr-031, 0.72x5.50m, Cal Gris",https://www.mercadolibre.com.mx/lamina-acabado-galvanizado-acero-mxlgr-031-072x550m-cal-gris/p/MLM56637131#polycard_client=search-desktop&search_layout=grid&position=40&type=product&tracking_id=a82beae4-4ab9-4c89-87d0-ee9bc5ea3dd8&wid=MLM4241386016&sid=search,"$3,274",VENTDEPOT,3274,https://www.mercadolibre.com.mx/lamina-acabado-galvanizado-acero-mxlgr-031-072x550m-cal-gris/p/MLM56637131#polycard_client=search-desktop&search_layout=grid&position=40&type=product&tracking_id=a82beae4-4ab9-4c89-87d0-ee9bc5ea3dd8&wid=MLM4241386016&sid=search
lamina acero galvanizado,"Laminilla Surcada Para Tejado, Mxlrn-015, 1.22x6.10m, Calibr Gris",https://www.mercadolibre.com.mx/laminilla-surcada-para-tejado-mxlrn-015-122x610m-calibr-gris/p/MLM67483597#polycard_client=search-desktop&search_layout=grid&position=41&type=product&tracking_id=a82beae4-4ab9-4c89-87d0-ee9bc5ea3dd8&wid=MLM5126790122&sid=search,"$6,515",VENTDEPOT,6515,https://www.mercadolibre.com.mx/laminilla-surcada-para-tejado-mxlrn-015-122x610m-calibr-gris/p/MLM67483597#polycard_client=search-desktop&search_layout=grid&position=41&type=product&tracking_id=a82beae4-4ab9-4c89-87d0-ee9bc5ea3dd8&wid=MLM5126790122&sid=search
lamina acero galvanizado,"Entrepiso De Acero De Zintro, Mxacr-017, 0.915x7.32m, Calib",https://www.mercadolibre.com.mx/entrepiso-de-acero-de-zintro-mxacr017-0915x732m-calib/up/MLMU420270987#polycard_client=search-desktop&search_layout=grid&position=42&type=product&tracking_id=a82beae4-4ab9-4c89-87d0-ee9bc5ea3dd8&wid=MLM903498726&sid=search,"$6,812",VENTDEPOT,6812,https://www.mercadolibre.com.mx/entrepiso-de-acero-de-zintro-mxacr017-0915x732m-calib/up/MLMU420270987#polycard_client=search-desktop&search_layout=grid&position=42&type=product&tracking_id=a82beae4-4ab9-4c89-87d0-ee9bc5ea3dd8&wid=MLM903498726&sid=search
lamina acero galvanizado,"Tejas De Acero Galvanizado, Mxgte-011, 0.98x6.10m, Calibre:",https://www.mercadolibre.com.mx/tejas-de-acero-galvanizado-mxgte011-098x610m-calibre/up/MLMU414954335#polycard_client=search-desktop&search_layout=grid&position=43&type=product&tracking_id=a82beae4-4ab9-4c89-87d0-ee9bc5ea3dd8&wid=MLM1353801999&sid=search,"$4,836",VENTDEPOT,4836,https://www.mercadolibre.com.mx/tejas-de-acero-galvanizado-mxgte011-098x610m-calibre/up/MLMU414954335#polycard_client=search-desktop&search_layout=grid&position=43&type=product&tracking_id=a82beae4-4ab9-4c89-87d0-ee9bc5ea3dd8&wid=MLM1353801999&sid=search
lamina acero galvanizado,"Laminas Para Entrepiso De Acero, Mxacr-010, 5pzs, 0.915x6.10",https://www.mercadolibre.com.mx/laminas-para-entrepiso-de-acero-mxacr010-5pzs-0915x610/up/MLMU422072514#polycard_client=search-desktop&search_layout=grid&position=44&type=product&tracking_id=a82beae4-4ab9-4c89-87d0-ee9bc5ea3dd8&wid=MLM903492140&sid=search,"$33,896",VENTDEPOT,33896,https://www.mercadolibre.com.mx/laminas-para-entrepiso-de-acero-mxacr010-5pzs-0915x610/up/MLMU422072514#polycard_client=search-desktop&search_layout=grid&position=44&type=product&tracking_id=a82beae4-4ab9-4c89-87d0-ee9bc5ea3dd8&wid=MLM903492140&sid=search
lamina acero galvanizado,Láminas Paneles De Techo Metal Acero Galvanizado 20 Piezas,https://www.mercadolibre.com.mx/laminas-paneles-de-techo-metal-acero-galvanizado-20-piezas/up/MLMU2879186447#polycard_client=search-desktop&search_layout=grid&position=45&type=product&tracking_id=a82beae4-4ab9-4c89-87d0-ee9bc5ea3dd8&wid=MLM3489076250&sid=search,"$7,550",VEVOR,7550,https://www.mercadolibre.com.mx/laminas-paneles-de-techo-metal-acero-galvanizado-20-piezas/up/MLMU2879186447#polycard_client=search-desktop&search_layout=grid&position=45&type=product&tracking_id=a82beae4-4ab9-4c89-87d0-ee9bc5ea3dd8&wid=MLM3489076250&sid=search
lamina acero galvanizado,"Tejado De Acero Galvanizado, Mxgte-013, 0.98x7.32m, Calibre:",https://www.mercadolibre.com.mx/tejado-de-acero-galvanizado-mxgte013-098x732m-calibre/up/MLMU414950233#polycard_client=search-desktop&search_layout=grid&position=46&type=product&tracking_id=a82beae4-4ab9-4c89-87d0-ee9bc5ea3dd8&wid=MLM1353834350&sid=search,"$5,792",VENTDEPOT,5792,https://www.mercadolibre.com.mx/tejado-de-acero-galvanizado-mxgte013-098x732m-calibre/up/MLMU414950233#polycard_client=search-desktop&search_layout=grid&position=46&type=product&tracking_id=a82beae4-4ab9-4c89-87d0-ee9bc5ea3dd8&wid=MLM1353834350&sid=search
lamina acero galvanizado,"Lamina Acabado Galvanizado Acero, Mxlgr-002, 0.72x1m, Calibr",https://www.mercadolibre.com.mx/lamina-acabado-galvanizado-acero-mxlgr002-072x1m-calibr/up/MLMU416794764#polycard_client=search-desktop&search_layout=grid&position=47&type=product&tracking_id=a82beae4-4ab9-4c89-87d0-ee9bc5ea3dd8&wid=MLM1353838284&sid=search,"$4,341",VENTDEPOT,4341,https://www.mercadolibre.com.mx/lamina-acabado-galvanizado-acero-mxlgr002-072x1m-calibr/up/MLMU416794764#polycard_client=search-desktop&search_layout=grid&position=47&type=product&tracking_id=a82beae4-4ab9-4c89-87d0-ee9bc5ea3dd8&wid=MLM1353838284&sid=search
lamina acero galvanizado,"Laminilla Acabado Galvanizado Acero, Mxlgn-002, 0.72x1m, Cal",https://www.mercadolibre.com.mx/laminilla-acabado-galvanizado-acero-mxlgn002-072x1m-cal/up/MLMU416735382#polycard_client=search-desktop&search_layout=grid&position=48&type=product&tracking_id=a82beae4-4ab9-4c89-87d0-ee9bc5ea3dd8&wid=MLM1353821391&sid=search,"$5,153",VENTDEPOT,5153,https://www.mercadolibre.com.mx/laminilla-acabado-galvanizado-acero-mxlgn002-072x1m-cal/up/MLMU416735382#polycard_client=search-desktop&search_layout=grid&position=48&type=product&tracking_id=a82beae4-4ab9-4c89-87d0-ee9bc5ea3dd8&wid=MLM1353821391&sid=search
